<?xml version="1.0" encoding="UTF-8"?>
<metadata xml:lang="en"><Esri><CreaDate>20230216</CreaDate><CreaTime>16115600</CreaTime><ArcGISFormat>1.0</ArcGISFormat><SyncOnce>TRUE</SyncOnce><DataProperties><lineage><Process ToolSource="c:\program files\arcgis\pro\Resources\ArcToolbox\toolboxes\Conversion Tools.tbx\FeatureClassToFeatureClass" Date="20230216" Time="161156">FeatureClassToFeatureClass DZ2021 W:\SA_SOA_2021\Production\Final\Final_boundary_reshaping\Geometry_fixes_Boundary_alignment\SA_SOA21_shapefiles_by_LGD\Final\NI\v5_For_website_Final DZ2021_v2.shp # "DZ2021_cd "DZ2021_cd" true true false 10 Text 0 0,First,#,DZ2021,DZ2021.DZ2021_cd,0,10;DZ2021_nm "DZ2021_nm" true true false 35 Text 0 0,First,#,DZ2021,DZ2021.DZ2021_nm,0,35;SDZ2021_cd "SDZ2021_cd" true true false 254 Text 0 0,First,#,DZ2021,DZ2021.SDZ2021_cd,0,254;SDZ2021_nm "SDZ2021_nm" true true false 32 Text 0 0,First,#,DZ2021,DZ2021.SDZ2021_nm,0,32;DEA2014_cd "DEA2014_cd" true true false 254 Text 0 0,First,#,DZ2021,DZ2021.DEA2014_cd,0,254;DEA2014_nm "DEA2014_nm" true true false 26 Text 0 0,First,#,DZ2021,DZ2021.DEA2014_nm,0,26;LGD2014_cd "LGD2014_cd" true true false 9 Text 0 0,First,#,DZ2021,DZ2021.LGD2014_cd,0,9;LGD2014_nm "LGD2014_nm" true true false 36 Text 0 0,First,#,DZ2021,DZ2021.LGD2014_nm,0,36;Area_ha "Area_ha" true true false 8 Double 0 0,First,#,DZ2021,DZ_areas_rounded_for_final_shp.csv.Area_ha,-1,-1;Perim_km "Perim_km" true true false 8 Double 0 0,First,#,DZ2021,DZ_areas_rounded_for_final_shp.csv.Perim_km,-1,-1" #</Process></lineage></DataProperties></Esri></metadata>
