Cluster,Latitude,Longitude,CrimeCount
0,55.004276,-7.318731,15777
1,54.594036,-5.948357,87366
2,54.256172,-5.9429755,381
3,54.457027,-6.345206,6443
4,54.65036,-5.6697135,6134
5,54.177967,-6.3421435,5918
6,54.639095,-5.8324275,1235
7,54.381123,-5.543726,265
8,54.710133,-7.594032,414
9,54.347996,-6.652302,2522
10,54.696316,-5.873105,352
11,54.592316,-5.6963744,3929
12,54.967274,-5.953972,45
13,54.72204,-5.8081064,2689
14,54.754333,-6.60836,1538
15,54.785767,-7.474309,268
16,54.4823,-6.3204346,10
17,54.752052,-6.003087,941
18,54.83513,-6.521187,6
19,54.669094,-5.7385154,133
20,55.16956,-6.453829,17
21,54.51938,-6.265965,34
22,54.250046,-6.701391,397
23,54.508755,-6.1909113,283
24,54.602028,-7.300018,2610
25,55.131985,-6.666993,3902
26,54.532074,-7.6585684,68
27,54.79021,-6.84392,9
28,54.21462,-5.8919654,1626
29,54.348343,-6.2734,2515
30,54.063232,-6.012003,788
31,54.47994,-6.2283287,250
32,54.51755,-5.8893375,410
33,54.257908,-5.847467,324
34,54.7197,-6.207184,3954
35,54.80627,-6.217407,161
36,54.348446,-7.6375933,2575
37,54.86477,-6.2732825,5844
38,54.325264,-5.711865,2921
39,55.1969,-6.675347,16
40,54.416374,-6.809535,13
41,54.454357,-5.484663,20
42,54.40274,-5.895068,1006
43,54.10345,-6.252785,856
44,54.41057,-6.601877,21
45,54.592457,-5.8009524,1588
46,54.425163,-6.4409623,5000
47,54.488,-5.531797,144
48,54.375366,-6.3610797,406
49,54.644993,-6.746178,1687
50,54.85491,-5.825646,2443
51,54.627983,-5.910578,34
52,54.504513,-6.768697,2219
53,54.88933,-6.3501515,350
54,54.952785,-6.5579414,252
55,54.5203,-7.7224545,129
56,54.48862,-6.801888,32
57,55.02526,-7.176873,243
58,54.892387,-6.209593,204
59,54.499035,-6.1400433,23
60,54.36943,-5.5572276,76
61,54.414417,-7.6409006,5
62,54.346676,-5.915103,23
63,55.197952,-6.61117,12
64,54.851715,-6.365332,190
65,55.04556,-6.9441266,2064
66,55.07069,-6.5118513,1066
67,54.39628,-5.7593045,299
68,54.413727,-6.147764,495
69,55.179325,-6.711273,1008
70,54.54858,-6.094474,8
71,54.808975,-5.7772636,23
72,54.26433,-5.9218063,65
73,55.12308,-6.470796,95
74,54.7558,-5.925048,9
75,54.39973,-5.651617,384
76,54.508106,-6.8094,5
77,54.37729,-7.3163805,234
78,54.32913,-6.621221,56
79,54.97932,-7.271274,117
80,54.539486,-6.699426,501
81,54.54293,-5.4880695,148
82,54.92685,-6.919611,211
83,54.651302,-5.744219,32
84,55.20142,-6.2559485,746
85,54.23703,-6.1648855,345
86,55.199562,-6.654133,1219
87,54.429123,-7.130632,88
88,54.673046,-5.9891877,474
89,55.010014,-7.1684713,9
90,54.78628,-7.496687,34
91,55.165672,-6.8238373,8
92,54.77935,-6.417241,10
93,54.88441,-6.3700314,5
94,54.457176,-7.03619,20
95,54.750847,-6.3201804,502
96,55.078953,-6.062395,48
97,54.85423,-6.30706,336
98,54.889935,-6.480092,8
99,54.0698,-5.9898443,70
100,54.414356,-5.862847,67
101,54.836338,-6.212059,9
102,54.883404,-7.018556,7
103,54.95544,-6.379867,8
104,54.63966,-5.539959,497
105,55.062958,-6.6988664,50
106,54.60685,-5.531716,248
107,55.164776,-6.7881103,62
108,54.594997,-7.2660184,180
109,54.472023,-7.632559,417
110,54.776485,-6.556113,314
111,54.822605,-7.466263,2005
112,54.71784,-7.5512004,26
113,55.0229,-7.256071,87
114,55.154854,-6.788951,5
115,54.763344,-6.5924206,44
116,54.874344,-6.473487,136
117,55.001663,-7.3797965,21
118,55.071613,-6.436953,24
119,55.043507,-7.0185413,266
120,54.524456,-6.805069,13
121,54.497753,-7.316821,242
122,54.497307,-6.0964346,36
123,54.834385,-5.7250934,33
124,54.415173,-6.975181,176
125,54.663994,-6.006073,14
126,54.738537,-5.896384,25
127,54.723255,-6.095467,29
128,54.53042,-6.7127943,55
129,54.53203,-6.8118763,83
130,54.568478,-7.076141,7
131,54.19443,-6.144498,103
132,54.84653,-6.673756,432
133,54.263138,-5.610183,188
134,54.640232,-6.15438,19
135,54.315613,-6.3039355,85
136,54.499355,-6.657198,29
137,54.46223,-6.659262,5
138,54.43504,-6.2989573,335
139,54.382214,-6.074876,74
140,54.356785,-6.39817,16
141,54.458447,-5.8310657,266
142,54.30972,-6.678263,7
143,54.410336,-6.402906,33
144,54.26437,-7.463644,8
145,54.783215,-6.574051,6
146,54.777744,-5.7104616,63
147,54.880505,-6.358973,8
148,55.03238,-7.267128,502
149,54.57555,-5.554854,92
150,55.06012,-6.0601153,28
151,55.146954,-6.7732363,40
152,54.53228,-5.829501,82
153,54.41762,-7.815401,79
154,54.191742,-6.3940463,421
155,54.463627,-7.0288973,106
156,54.39393,-6.663641,9
157,54.369247,-5.8526187,91
158,54.409943,-5.6652884,62
159,54.647762,-5.564707,8
160,54.424534,-6.3477864,61
161,54.597637,-6.067997,8
162,54.464825,-6.2576284,130
163,54.26518,-6.666327,7
164,54.48284,-6.611605,9
165,55.167793,-6.302525,5
166,54.83601,-5.895767,10
167,54.252415,-5.6429577,92
168,54.51349,-6.725021,35
169,54.514668,-7.458148,77
170,54.354847,-6.413968,261
171,54.228428,-6.256888,12
172,54.963566,-6.941585,22
173,54.270256,-7.500886,7
174,54.172855,-6.299263,6
175,54.49436,-6.9258957,20
176,54.809826,-6.7092834,33
177,54.481144,-6.351273,46
178,54.966076,-6.288559,10
179,55.04287,-7.044257,84
180,54.8472,-6.719164,8
181,54.293503,-7.466268,77
182,54.53915,-6.724416,9
183,54.29145,-5.718323,10
184,55.20445,-6.5237045,121
185,54.616665,-6.554387,49
186,54.349873,-6.0924554,6
187,54.533905,-6.33191,28
188,54.503345,-6.532658,14
189,54.182182,-6.411938,75
190,54.63163,-6.8191576,5
191,54.419235,-6.2589283,110
192,54.106995,-6.1856923,61
193,54.550175,-6.142541,17
194,54.291348,-5.837752,51
195,55.14952,-6.465797,16
196,54.782997,-6.396858,7
197,54.854713,-6.328397,34
198,55.031113,-7.1183586,85
199,54.969044,-6.673033,12
200,55.163403,-6.882764,44
201,54.10076,-6.1981897,115
202,54.913692,-6.492795,7
203,54.941296,-5.901459,9
204,54.62053,-6.215489,541
205,54.270428,-5.837789,12
206,54.551083,-5.744584,624
207,54.37263,-6.5503325,88
208,55.03346,-7.3597455,68
209,54.10832,-5.9010916,137
210,55.15454,-6.408253,19
211,54.540966,-5.961464,18
212,54.081432,-6.4526367,63
213,54.394306,-7.6963444,18
214,54.71808,-7.234804,71
215,54.590054,-7.270177,26
216,54.53665,-5.560509,95
217,54.189514,-7.4409986,11
218,54.45597,-6.79312,7
219,54.873043,-6.485722,35
220,54.12721,-6.344956,37
221,54.71769,-7.381467,276
222,54.460575,-6.890259,37
223,54.46752,-6.3833914,27
224,54.317726,-7.535896,70
225,55.046104,-7.2732654,132
226,55.078423,-6.564098,8
227,54.296894,-6.5223413,192
228,54.229523,-6.770756,5
229,54.53356,-6.674803,67
230,54.439495,-6.507167,10
231,54.09767,-6.416184,8
232,54.359585,-6.5727706,12
233,55.07928,-6.905655,14
234,55.061954,-6.3046994,6
235,54.544598,-5.948369,7
236,54.50802,-6.835352,53
237,54.441616,-5.464521,30
238,54.544407,-6.077298,9
239,54.168316,-6.3132133,42
240,54.998234,-6.3315682,115
241,54.457714,-6.6049323,12
242,55.1005,-6.710564,69
243,54.341118,-6.5447598,45
244,54.351875,-6.838729,45
245,55.12975,-6.795732,8
246,54.71681,-6.159019,20
247,54.544086,-6.2566824,28
248,55.065147,-6.563618,58
249,54.840744,-7.450086,31
250,54.062508,-6.643458,28
251,54.693844,-6.6690373,186
252,54.75576,-5.711817,282
253,54.195896,-6.290671,12
254,54.297565,-7.871643,24
255,54.409546,-6.565324,35
256,54.44591,-6.691782,282
257,54.38782,-6.701729,72
258,54.473392,-5.691235,24
259,54.70835,-5.9958663,8
260,54.698368,-6.1431026,26
261,54.58223,-5.734982,8
262,54.61878,-6.734466,11
263,54.37978,-6.63936,14
264,54.36058,-6.609302,11
265,54.463394,-6.565023,6
266,54.63549,-6.1481194,36
267,54.472565,-6.3557053,34
268,54.096485,-6.18531,23
269,54.48085,-8.089479,41
270,54.61962,-5.877861,18
271,54.3099,-5.774605,5
272,54.424862,-7.5958147,71
273,54.819073,-6.47772,6
274,54.32845,-7.465475,6
275,54.23447,-6.0225043,7
276,54.30577,-5.842329,27
277,54.89513,-5.859221,35
278,54.591507,-6.2145653,161
279,54.7218,-6.2362285,22
280,55.165882,-6.83643,6
281,54.99148,-5.9925056,110
282,54.253212,-7.447714,354
283,54.48737,-5.478928,27
284,54.9086,-6.66528,28
285,55.16486,-6.5740175,25
286,54.793755,-6.7817044,215
287,54.49461,-5.46441,74
288,54.239735,-6.5031724,18
289,54.636803,-6.0944476,10
290,55.071854,-6.4710107,15
291,54.635082,-6.140225,6
292,54.912174,-7.1547723,81
293,54.07344,-5.979961,33
294,54.62327,-6.812339,8
295,54.300083,-6.345207,7
296,54.89286,-7.02022,30
297,54.965996,-6.2235394,16
298,54.72581,-6.044221,9
299,54.337643,-6.257501,30
300,54.19686,-6.40764,11
301,54.725235,-6.5644417,6
302,54.851433,-5.7662745,13
303,54.20931,-6.3722777,10
304,54.190197,-6.4051147,11
305,54.121933,-6.392239,73
306,54.338764,-7.6778426,5
307,54.857296,-7.4052567,44
308,54.953148,-6.3576417,14
309,54.770294,-6.673785,25
310,54.39107,-6.5152893,20
311,54.702637,-6.0898423,42
312,54.934174,-6.5788465,7
313,54.421986,-6.288396,33
314,54.308563,-6.377101,28
315,54.580803,-6.107897,18
316,54.74217,-6.237284,18
317,55.126476,-6.646715,209
318,54.638424,-5.997504,7
319,55.0339,-7.184759,8
320,55.121548,-6.73745,21
321,54.515553,-7.6765046,5
322,55.148586,-6.92444,74
323,54.439743,-6.5122075,49
324,54.77217,-5.7523475,62
325,54.26103,-6.247536,6
326,54.54715,-5.986833,9
327,54.43622,-6.3345428,28
328,54.39518,-6.655738,5
329,54.53958,-5.9315376,76
330,54.477493,-6.0901985,49
331,54.709484,-6.093141,25
332,54.86236,-7.3840704,5
333,54.82784,-5.813274,26
334,54.345436,-7.338195,9
335,54.50304,-5.7908525,151
336,54.550037,-6.072441,37
337,54.809875,-6.517256,52
338,54.760284,-6.049087,68
339,54.640247,-6.726886,5
340,54.487823,-7.13585,9
341,54.27328,-6.468665,9
342,54.83449,-6.603665,19
343,54.765724,-6.6447916,5
344,54.555565,-6.681025,29
345,54.463417,-6.077454,149
346,54.704353,-6.155192,7
347,54.51225,-5.686506,7
348,54.19209,-6.5770936,173
349,54.285793,-7.425614,6
350,54.957783,-7.355159,138
351,54.374744,-6.291334,59
352,54.363396,-6.7230234,5
353,54.41636,-7.1630697,133
354,54.666496,-5.7242904,14
355,54.522755,-6.6851277,15
356,55.00854,-6.968909,8
357,54.287365,-5.920862,5
358,55.122803,-6.601271,7
359,54.65784,-5.762094,28
360,54.460102,-5.4438653,115
361,54.204494,-6.2926655,53
362,54.215736,-6.41372,5
363,54.57327,-5.8382974,7
364,54.108944,-6.4779105,35
365,54.346424,-6.7783217,20
366,54.25761,-5.7960052,75
367,54.75159,-6.4599094,94
368,54.592625,-5.515763,17
369,55.185043,-6.599561,6
370,54.87425,-6.350768,36
371,54.467968,-6.371501,30
372,54.44747,-7.0110416,13
373,54.698696,-5.8516564,14
374,54.34046,-7.5547395,5
375,54.76062,-7.457006,36
376,54.53656,-5.5196,20
377,54.699177,-7.119348,6
378,54.344955,-5.735886,53
379,54.982193,-6.6887236,83
380,54.473732,-5.508384,11
381,54.176445,-6.365289,25
382,55.060585,-6.4494643,5
383,54.309483,-6.762059,7
384,54.807716,-5.8633833,5
385,54.20149,-6.36397,48
386,54.253075,-6.473587,20
387,54.60558,-6.722741,20
388,54.320034,-7.6836753,7
389,54.73734,-6.4361515,6
390,54.38042,-6.3090916,63
391,54.706123,-5.953315,18
392,54.540768,-6.2039776,13
393,54.730053,-6.528,15
394,54.37512,-7.690761,6
395,54.646534,-6.6156917,48
396,55.192272,-6.621637,10
397,54.203346,-6.181533,14
398,54.786865,-7.4880347,18
399,54.73171,-7.4570475,21
400,55.1915,-6.693952,7
401,55.07253,-6.653187,14
402,54.69318,-6.1920743,267
403,54.520325,-6.590704,9
404,54.169308,-6.507544,9
405,54.95642,-6.481682,103
406,54.661633,-6.904362,35
407,54.364925,-6.6498885,62
408,54.92904,-7.025977,13
409,54.357822,-5.752644,13
410,54.227303,-5.923242,7
411,54.25224,-6.2235274,6
412,54.51029,-7.072159,11
413,54.473763,-7.650466,8
414,54.573658,-6.827394,5
415,54.536186,-6.683226,5
416,54.236652,-5.988701,7
417,54.580284,-6.5917206,17
418,54.564087,-5.8621936,22
419,54.676044,-6.183283,5
420,55.010124,-6.413821,58
421,55.09911,-6.405125,7
422,54.876617,-6.630482,16
423,54.495777,-6.560248,53
424,54.57598,-6.677752,50
425,54.25806,-6.562947,26
426,54.630997,-5.892172,82
427,55.186333,-6.663102,9
428,54.56763,-6.122108,27
429,54.29236,-6.844706,24
430,54.61116,-5.601509,17
431,54.398113,-7.7525053,5
432,54.55175,-6.64329,21
433,54.32432,-5.8981023,14
434,54.422405,-5.535118,8
435,54.757248,-6.273197,9
436,54.65818,-6.7581873,10
437,54.56825,-5.856903,10
438,54.228836,-6.3509693,19
439,54.49205,-6.646229,17
440,54.863243,-6.3356724,11
441,54.225513,-6.587014,10
442,54.076344,-6.5070558,9
443,54.48811,-6.0689754,130
444,54.744205,-6.255877,12
445,54.710587,-7.5511656,30
446,54.33216,-6.682946,45
447,54.52601,-5.4719,5
448,54.275543,-6.4072633,5
449,54.474354,-6.075604,6
450,54.461926,-6.792498,10
451,54.495792,-6.8319983,24
452,54.59554,-6.0387425,23
453,54.6624,-5.776417,19
454,54.339737,-6.204424,11
455,54.657627,-5.7292204,58
456,54.31692,-7.57041,8
457,54.47957,-5.444906,6
458,54.607876,-7.244341,12
459,54.80481,-6.586774,10
460,54.657864,-6.8042436,19
461,54.530678,-5.9974923,118
462,54.55603,-5.5938025,13
463,54.249847,-6.321044,9
464,54.512287,-6.584928,9
465,54.496475,-6.207962,54
466,54.726246,-7.586618,5
467,54.378696,-6.0171323,71
468,54.845814,-5.807457,44
469,54.5968,-7.0514784,14
470,54.331257,-5.834382,14
471,54.596607,-6.122808,5
472,54.675694,-7.6255894,54
473,54.744045,-5.718268,16
474,54.69737,-6.035091,26
475,54.63993,-6.056201,7
476,54.47239,-5.676052,29
477,54.878437,-6.240687,7
478,54.110268,-6.003711,5
479,54.372494,-6.755532,7
480,54.8286,-6.0177345,7
481,54.35076,-5.684332,8
482,54.286743,-5.581695,6
483,54.62344,-5.85922,52
484,54.184135,-6.487369,49
485,54.884666,-6.716058,5
486,54.483612,-5.821859,7
487,54.295933,-7.6409073,35
488,54.469624,-6.7230644,34
489,55.106045,-6.695978,30
490,54.475952,-7.6985683,11
491,54.071316,-6.5333605,11
492,54.701077,-5.9594803,6
493,54.490173,-6.914734,12
494,54.2514,-7.2216773,9
495,54.546318,-7.5760326,29
496,54.173397,-7.275299,7
497,54.897423,-6.951425,5
498,54.33899,-5.821922,13
499,55.03517,-7.2004514,9
500,54.296852,-6.7041483,5
501,54.50588,-5.714376,14
502,54.518536,-6.006806,41
503,54.529736,-6.7216487,11
504,54.302727,-5.5723705,20
505,54.486153,-5.810597,10
506,54.230408,-6.429439,6
507,54.165947,-6.632101,8
508,54.508812,-6.2937593,29
509,54.349743,-5.696695,12
510,54.746853,-6.43601,6
511,54.396984,-6.671862,20
512,54.649952,-6.2145243,144
513,54.17315,-6.130802,8
514,54.287792,-6.0890336,11
515,54.222992,-6.679887,58
516,54.63095,-6.5153375,24
517,54.477898,-6.4344244,20
518,54.637905,-6.033113,16
519,54.478306,-7.729443,9
520,54.46591,-6.543514,8
521,54.41289,-5.920108,5
522,54.45058,-5.7643805,27
523,55.02886,-7.220887,76
524,54.594906,-6.939499,22
525,55.202553,-6.227095,5
526,54.50191,-6.1034913,6
527,54.16773,-6.617588,7
528,54.95896,-6.25962,5
529,54.6178,-6.126182,11
530,54.441433,-5.7421317,12
531,54.48193,-6.5457797,13
532,54.594765,-6.057348,18
533,54.13173,-6.379434,11
534,54.183083,-7.359505,67
535,54.68761,-6.0366483,11
536,54.7347,-6.01454,17
537,54.089035,-6.3712115,48
538,54.632694,-6.168537,8
539,54.157173,-7.2765017,5
540,54.54311,-6.629711,6
541,54.963593,-7.2650714,17
542,54.813103,-6.6109223,9
543,54.707664,-7.6665926,5
544,54.06371,-5.967277,20
545,54.333576,-5.626715,7
546,54.930546,-6.289944,15
547,54.979717,-7.215512,32
548,54.517155,-6.677821,11
549,54.625122,-7.1094785,14
550,54.82001,-6.687767,19
551,54.959965,-7.244501,25
552,54.301243,-6.007383,7
553,54.21467,-6.6370835,5
554,55.051632,-6.607199,11
555,54.1821,-6.4669814,10
556,55.141315,-6.4932957,6
557,54.653526,-6.5608044,8
558,54.90637,-6.850727,6
559,54.586044,-5.633511,6
560,54.400944,-7.3691792,19
561,54.564808,-5.480492,6
562,54.86426,-7.084124,24
563,54.70096,-6.161253,8
564,54.67897,-7.340778,13
565,54.995804,-6.8751535,18
566,54.436493,-5.9998894,21
567,54.773262,-5.9514327,30
568,54.70827,-6.5333757,32
569,54.88609,-7.3893647,6
570,54.771088,-6.5743966,21
571,54.625793,-6.740315,6
572,54.371193,-6.4484553,95
573,54.20349,-6.402327,10
574,54.60277,-6.9505644,5
575,54.081966,-6.072005,7
576,54.794323,-7.5375504,32
577,54.784252,-6.807383,14
578,54.500813,-5.465366,27
579,55.037056,-7.3439956,10
580,54.49248,-6.0029807,7
581,54.385483,-5.7743487,30
582,54.719326,-6.547647,22
583,55.016914,-6.759799,5
584,54.392307,-5.882225,12
585,54.99154,-6.685248,10
586,54.508556,-5.902633,6
587,54.766342,-6.247056,9
588,54.471962,-5.981673,5
589,54.39032,-6.380141,7
590,54.126183,-6.2641153,47
591,54.762085,-6.089896,5
592,54.684826,-7.2579637,25
593,54.46161,-7.2974,6
594,54.290417,-6.3744884,61
595,54.051804,-6.0385466,19
596,54.642036,-6.919722,5
597,54.583305,-5.50496,30
598,54.336323,-5.6926665,47
599,54.312965,-5.7026234,54
600,54.96038,-6.013586,5
601,54.1237,-6.37317,14
602,54.540718,-6.641686,7
603,54.553703,-6.7416077,39
604,54.398727,-6.4411025,31
605,54.30211,-5.559354,15
606,54.57941,-5.6409883,13
607,54.309353,-7.7325883,24
608,54.61565,-7.488045,75
609,54.628845,-6.139844,17
610,54.309162,-6.649233,9
611,54.30909,-7.5402246,7
612,55.131153,-6.327227,35
613,54.73821,-6.042372,103
614,54.18084,-6.1428933,7
615,54.483456,-8.077457,7
616,54.18029,-6.2287335,81
617,54.232082,-6.029536,28
618,54.03521,-6.050128,18
619,54.301052,-6.195706,13
620,54.923832,-7.1895285,9
621,54.549843,-7.1602645,22
622,54.565285,-7.267682,5
623,54.61511,-7.3295374,129
624,54.619072,-6.1547966,21
625,54.392357,-6.7392516,20
626,54.63156,-6.6620326,6
627,54.68014,-6.14998,7
628,54.389503,-6.622302,5
629,54.631413,-5.656928,8
630,54.532974,-6.0183425,11
631,54.75228,-6.5022326,5
632,54.09301,-6.5311036,10
633,54.743977,-6.524325,7
634,54.497013,-6.8509073,42
635,54.87783,-6.323558,7
636,55.223003,-6.4655337,15
637,54.476505,-6.477262,6
638,54.339916,-6.7236123,14
639,54.733154,-6.259042,10
640,54.38796,-6.598755,6
641,54.7383,-6.5270014,5
642,55.23639,-6.3564496,13
643,54.122597,-5.975813,5
644,54.48454,-5.456789,12
645,54.426918,-6.008866,7
646,54.81542,-5.777361,10
647,54.51066,-6.001566,49
648,54.42058,-6.357163,6
649,54.756756,-6.41461,6
650,54.76324,-5.859753,12
651,54.94004,-7.3843474,31
652,54.907665,-6.237245,9
653,54.543896,-7.727417,5
654,54.699917,-6.103924,58
655,54.23259,-5.868589,21
656,54.196465,-7.5711384,30
657,54.73322,-6.185222,107
658,54.663574,-6.7198896,8
659,54.665546,-6.060371,8
660,54.696922,-6.5977535,11
661,54.834194,-5.8693385,11
662,54.858334,-7.428777,42
663,54.141308,-6.3567514,53
664,54.502346,-6.639378,16
665,54.306145,-6.2202587,5
666,54.848778,-6.479473,5
667,55.04107,-7.072988,18
668,54.48343,-6.640778,7
669,54.254395,-5.740642,6
670,54.942875,-6.251638,7
671,54.41058,-7.173049,36
672,54.518593,-6.878386,11
673,54.49842,-6.1167235,20
674,55.036503,-6.40921,6
675,54.86024,-6.7448516,6
676,54.577137,-5.785101,11
677,54.194283,-7.5181646,10
678,54.950096,-5.988088,5
679,54.518818,-5.870259,12
680,54.78331,-6.1729336,8
681,54.483883,-6.0901866,11
682,55.038162,-7.170267,13
683,54.197643,-6.367447,10
684,55.047436,-6.5498247,31
685,54.134026,-6.484639,7
686,55.108578,-6.4202914,23
687,54.994926,-6.17969,27
688,54.541576,-6.7335176,5
689,54.319195,-7.576373,60
690,54.47234,-5.7694573,7
691,55.19776,-6.2368746,29
692,54.615955,-5.6797895,23
693,54.0784,-6.6083207,109
694,54.710857,-5.849483,15
695,54.989624,-7.221291,13
696,54.54899,-6.671308,20
697,54.123756,-6.338338,7
698,54.195026,-7.465131,17
699,54.404743,-6.34865,8
700,54.839684,-6.424186,9
701,54.644123,-6.500837,5
702,54.4342,-7.6826425,7
703,54.763042,-5.986956,7
704,54.532257,-5.9856143,17
705,54.982933,-6.6785307,23
706,54.379627,-6.478889,6
707,54.503315,-5.928577,7
708,54.235485,-5.9762254,6
709,54.909027,-7.134431,19
710,54.12199,-6.3544793,20
711,54.472572,-5.442859,5
712,54.32712,-5.663138,30
713,54.389885,-5.670826,5
714,54.41626,-6.1673923,14
715,54.598667,-5.771567,6
716,54.48625,-6.1210465,11
717,55.019882,-7.276112,175
718,54.75324,-7.346716,6
719,54.515156,-5.957529,30
720,54.420273,-5.8913407,12
721,54.840977,-5.8610992,41
722,54.368572,-7.565205,6
723,55.139034,-6.9463954,15
724,54.850956,-5.778505,12
725,54.72996,-6.626622,5
726,54.216263,-6.471128,8
727,54.602238,-5.7535205,26
728,54.429577,-6.4730096,6
729,54.673916,-5.6133127,54
730,54.346638,-6.452773,9
731,54.839153,-6.644893,6
732,54.42688,-5.6675553,12
733,54.8106,-5.9044,5
734,54.882366,-6.231044,7
735,54.93383,-6.255931,5
736,54.23943,-7.1736593,15
737,54.390953,-6.4811883,7
738,54.620136,-5.576717,24
739,55.231876,-6.515394,13
740,54.11956,-6.1740236,5
741,54.595875,-7.2493544,8
742,54.560963,-6.100328,7
743,54.31476,-7.405177,32
744,54.742867,-6.42666,5
745,54.486973,-6.89263,8
746,55.01466,-7.272564,14
747,55.02444,-6.9279633,16
748,54.531162,-6.6679635,8
749,54.60107,-6.760498,12
750,54.37833,-5.981639,13
751,55.011646,-6.3346653,6
752,54.97282,-6.9201484,14
753,54.250404,-5.959577,13
754,54.485004,-5.8374496,6
755,55.003483,-6.358065,7
756,55.134594,-6.40175,10
757,54.774494,-6.126108,6
758,54.27776,-6.219972,6
759,54.732605,-5.941919,8
760,54.03263,-6.0767136,19
761,54.487408,-6.1638174,7
762,55.072205,-6.3078804,6
763,55.053986,-6.0496707,5
764,54.216427,-6.528089,6
765,55.182617,-6.31538,5
766,54.225334,-6.663441,17
767,54.206104,-6.356293,5
768,55.048115,-6.299926,5
769,54.29344,-6.803716,6
770,54.48047,-6.04455,12
771,54.04505,-6.0323253,10
772,54.700245,-6.1347046,16
773,54.286797,-6.505862,10
774,54.31974,-6.134058,10
775,54.873524,-7.3089557,49
776,54.080963,-5.950863,19
777,55.119118,-6.4955053,10
778,55.011932,-6.9802947,5
779,54.555645,-5.8497562,12
780,54.315907,-6.5309777,6
781,54.66325,-7.463596,7
782,54.27001,-6.529802,5
783,55.09465,-6.351682,6
784,54.486576,-6.823852,7
785,55.087532,-6.5099792,30
786,54.773296,-6.3514767,12
787,54.587406,-6.034505,46
788,54.287056,-5.666023,7
789,54.60516,-6.78806,7
790,54.711494,-6.6841598,5
791,54.86898,-6.5096526,22
792,54.487392,-6.376706,15
793,54.589207,-6.090656,11
794,54.557243,-7.1184797,14
795,54.37895,-7.4595227,31
796,54.68911,-7.082168,37
797,54.557243,-6.604623,5
798,54.5549,-6.152781,8
799,54.596275,-6.780159,11
800,54.403168,-5.767353,7
801,55.05062,-6.9176016,5
802,54.464886,-6.2752204,27
803,54.215878,-6.281766,7
804,54.69239,-6.014793,13
805,54.330376,-6.822932,9
806,54.49177,-6.631822,16
807,54.26293,-5.989677,10
808,54.324383,-6.3220963,6
809,54.479248,-6.4030385,30
810,54.3308,-6.3630953,22
811,54.281532,-6.320584,10
812,54.526066,-7.2077327,11
813,54.08471,-6.574154,8
814,54.129192,-6.404699,5
815,54.338947,-6.371692,7
816,54.690422,-6.759156,5
817,54.99026,-7.18127,6
818,54.47157,-8.097877,6
819,54.395214,-5.728887,5
820,54.452866,-6.799225,6
821,54.094982,-6.551118,9
822,54.835506,-6.629374,12
823,54.637543,-7.349626,7
824,54.328133,-5.676825,15
825,54.23699,-6.2260537,7
826,54.37297,-5.8980956,11
827,54.371075,-6.2204614,28
828,54.149372,-6.588752,7
829,54.77469,-6.383231,42
830,54.282593,-6.633029,11
831,54.49127,-6.3594723,13
832,54.654728,-6.204038,26
833,54.658314,-7.533604,6
834,54.569317,-6.584004,6
835,54.568718,-6.861625,7
836,54.871906,-6.524324,14
837,54.513126,-5.719397,7
838,54.509735,-6.015001,8
839,54.645588,-6.2417336,5
840,54.49409,-6.655565,9
841,54.980152,-6.370296,5
842,54.27688,-6.653268,10
843,54.33182,-7.293,21
844,55.142014,-6.246876,9
845,54.229877,-5.9336762,19
846,54.900616,-7.1013436,10
847,54.310993,-6.325869,5
848,54.41236,-6.8406553,5
849,55.037617,-6.626531,6
850,55.19694,-6.2100616,5
851,54.26345,-7.2239823,10
852,54.3225,-6.190527,5
853,54.711803,-7.5727706,6
854,54.50363,-6.4704895,8
855,54.366558,-7.350348,7
856,54.450745,-7.4883475,18
857,54.76791,-7.251374,27
858,54.76585,-6.4411964,5
859,54.815144,-6.367583,12
860,55.02065,-7.212185,12
861,55.216663,-6.5413985,19
862,54.904144,-6.0212736,9
863,54.194897,-6.2124734,7
864,54.49196,-6.7017565,49
865,54.325172,-6.204828,14
866,54.398464,-6.68735,9
867,54.15171,-5.8843975,11
868,54.499886,-5.47708,21
869,54.719685,-6.149529,5
870,54.775593,-6.442578,6
871,54.815823,-6.095367,9
872,54.0752,-6.037599,6
873,54.470818,-5.4504385,10
874,55.019684,-6.359608,5
875,54.850487,-7.449997,5
876,54.559063,-7.053848,8
877,54.204803,-6.040154,5
878,54.241364,-5.898736,5
879,54.48201,-6.28758,15
880,54.62119,-5.77778,11
881,54.75841,-5.976156,5
882,54.850456,-6.15689,7
883,54.529335,-6.8851957,5
884,54.687675,-7.568512,7
885,54.486584,-5.963977,10
886,54.08153,-6.497158,5
887,54.76037,-6.509151,17
888,54.071514,-6.391024,13
889,54.967438,-7.276541,6
890,54.346397,-6.231232,18
891,54.36192,-7.442427,5
892,55.12858,-6.556893,19
893,54.832672,-6.392275,5
894,54.650043,-6.7661123,5
895,54.897064,-7.091441,10
896,54.277294,-6.516262,5
897,54.686123,-6.749595,7
898,54.37451,-6.466452,6
899,54.45438,-6.4969115,6
900,54.84253,-7.362323,5
901,54.367046,-7.547605,6
902,54.795025,-6.396897,10
903,54.412586,-6.745585,30
904,54.32895,-7.507983,5
905,54.0937,-6.39657,5
906,54.533825,-7.730497,5
907,55.13775,-6.5088396,5
908,54.536343,-7.293654,6
909,54.083405,-5.966291,6
910,54.392227,-5.795078,6
911,54.536453,-6.113009,9
912,54.11164,-5.923846,9
913,54.64677,-7.170612,6
914,54.992733,-6.6330647,11
915,54.3694,-5.701427,11
916,54.97362,-7.350122,19
917,54.323433,-6.337168,5
918,54.269363,-6.786915,16
919,54.7618,-6.195507,6
920,54.71644,-6.0016785,20
921,54.814304,-6.178543,6
922,55.03791,-7.1581874,17
923,54.61391,-7.2256613,9
924,54.49717,-6.271209,7
925,54.692627,-6.585218,16
926,54.931202,-6.046323,5
927,54.412933,-6.488046,6
928,54.984882,-6.338157,5
929,54.22994,-7.1472807,5
930,54.885796,-7.0447226,5
931,55.140663,-6.822643,7
932,54.553505,-5.567562,5
933,54.51408,-6.100451,5
934,55.172253,-6.724861,7
935,54.93371,-7.111904,5
936,54.394234,-6.384857,7
937,54.391613,-6.357489,5
938,54.63086,-5.75838,5
939,54.407513,-6.610271,9
940,54.463696,-5.800259,5
941,54.55101,-6.3021398,11
942,54.540447,-6.094003,6
943,54.373684,-6.1078367,27
944,54.269,-6.1848264,7
945,54.65,-6.96182,5
946,54.46684,-7.0412064,13
947,55.076954,-6.0790963,6
948,54.79558,-6.615609,5
949,54.775032,-7.4784765,9
950,54.39389,-7.6413674,10
951,54.077415,-6.1817017,11
952,54.420097,-6.1237583,18
953,54.82825,-6.1558585,16
954,54.100616,-6.526714,6
955,54.385098,-7.334189,7
956,54.360283,-5.728908,10
957,54.72354,-6.356026,9
958,55.189896,-6.071302,8
959,54.51007,-6.5728564,7
960,54.52344,-6.2049575,6
961,54.756256,-6.147084,10
962,54.958412,-6.5398283,5
963,54.10216,-5.983674,5
964,54.503002,-6.805828,14
965,54.41342,-6.701809,17
966,54.083424,-6.386376,5
967,54.47784,-7.6915793,7
968,54.23457,-7.195616,6
969,55.24007,-6.366139,12
970,54.759834,-5.817641,20
971,54.680428,-6.549625,7
972,54.675465,-5.5972686,8
973,54.87287,-6.229046,16
974,54.84453,-6.2808814,6
975,55.007553,-6.9488444,6
976,54.367607,-5.98792,5
977,54.52964,-6.776811,11
978,54.602318,-6.090881,5
979,54.482727,-5.936238,5
980,54.107533,-6.3844447,11
981,54.919643,-6.11372,8
982,54.177856,-6.448101,12
983,54.653442,-5.795057,8
984,54.072086,-6.1540165,6
985,54.600616,-6.6590185,5
986,54.20461,-6.253589,5
987,54.638687,-5.592584,6
988,54.64109,-7.272189,7
989,54.35856,-5.646152,7
990,54.174538,-6.596441,13
991,54.294964,-7.707304,6
992,54.371666,-6.580229,19
993,54.421406,-5.501338,10
994,54.362144,-6.0230727,5
995,55.17026,-6.664713,6
996,54.73163,-5.767331,17
997,54.845436,-6.4878554,11
998,54.414833,-6.6593924,5
999,54.391747,-6.247186,5
1000,54.66087,-5.768734,27
1001,54.109028,-6.2050104,10
1002,54.929447,-7.0907516,8
1003,54.36678,-5.739321,6
1004,54.40206,-6.2421026,30
1005,54.69185,-7.719168,8
1006,54.265694,-5.688875,5
1007,54.711983,-6.748319,5
1008,54.605373,-7.444674,6
1009,54.79189,-6.510344,5
1010,54.262566,-6.3768835,21
1011,54.810352,-5.753562,8
1012,54.65626,-6.263336,6
1013,54.218456,-7.3794875,5
1014,55.068806,-6.9367056,7
1015,54.56832,-6.599578,5
1016,54.48407,-6.361237,6
1017,55.01956,-6.955165,5
1018,54.788574,-6.814089,6
1019,54.540417,-7.6617203,5
1020,54.926483,-6.9642086,6
1021,55.16527,-6.63983,8
1022,54.420307,-5.915371,5
1023,54.478294,-6.498332,5
1024,54.945446,-7.278044,8
1025,54.576637,-6.089793,8
1026,54.593395,-6.835217,14
1027,54.48074,-5.693976,8
1028,54.4433,-6.113566,18
1029,54.56833,-5.778155,8
1030,54.912685,-7.1662526,13
1031,55.16068,-6.612419,6
1032,54.449173,-6.7940826,16
1033,54.879025,-6.6416216,26
1034,54.78546,-7.459958,7
1035,54.401054,-6.394733,5
1036,54.25401,-6.573933,8
1037,54.530155,-7.6020865,7
1038,54.519566,-7.71118,11
1039,54.402515,-6.6446733,5
1040,54.199123,-6.238955,8
1041,54.362305,-5.7710633,6
1042,54.979683,-6.522623,9
1043,54.52543,-7.2670374,5
1044,54.236748,-6.461566,5
1045,54.815613,-6.446125,6
1046,54.306053,-5.751303,10
1047,54.490677,-6.4171424,9
1048,54.425278,-7.6413746,11
1049,54.40975,-6.384612,10
1050,54.54673,-6.26685,5
1051,54.75114,-6.2657533,6
1052,54.473244,-6.142733,5
1053,54.549732,-7.8310637,5
1054,54.24436,-6.033983,10
1055,54.582897,-7.275358,8
1056,54.50743,-7.947458,11
1057,55.190876,-6.371782,5
1058,54.256264,-5.62809,8
1059,54.33319,-5.551059,7
1060,54.798473,-5.87946,5
1061,54.33316,-5.5927567,6
1062,54.369545,-5.607886,5
1063,54.50292,-5.706544,16
1064,54.39082,-6.036499,5
1065,54.048893,-6.608559,7
1066,54.137722,-6.3257184,11
1067,54.2753,-5.837534,21
1068,55.061188,-6.629246,12
1069,54.491524,-5.512944,5
1070,54.584675,-5.5800767,6
1071,54.056953,-6.0656333,7
1072,55.037518,-7.2581663,10
1073,54.393566,-6.824852,5
1074,54.76353,-6.305168,8
1075,54.398666,-7.376854,6
1076,54.109623,-6.5970597,6
1077,54.078552,-6.373058,5
1078,54.415455,-8.090846,12
1079,54.76464,-6.497664,5
1080,54.6468,-5.7236915,6
1081,54.45861,-6.712639,5
1082,54.50749,-6.450821,10
1083,54.379032,-7.4297137,11
1084,54.30855,-6.2853265,6
1085,54.141914,-6.4011188,15
1086,54.563137,-6.05449,13
1087,54.59806,-6.56577,10
1088,54.524315,-7.0473,20
1089,54.556507,-5.519981,5
1090,54.467796,-6.520002,10
1091,55.21773,-6.160688,6
1092,54.159264,-6.313794,7
1093,54.61762,-6.065749,27
1094,54.90439,-7.286153,5
1095,54.405437,-6.2842,5
1096,54.501225,-5.8530335,6
1097,54.80097,-5.83079,29
1098,54.360138,-7.4078875,5
1099,54.3433,-6.7106524,5
1100,54.593746,-6.9262156,12
1101,55.036865,-6.9024405,7
1102,54.95557,-6.9701033,7
1103,54.330727,-7.6176414,16
1104,54.864315,-6.6219525,12
1105,54.118298,-5.992251,10
1106,54.82722,-5.911133,8
1107,54.224827,-6.322458,19
1108,55.123108,-6.3634224,14
1109,54.40813,-5.767006,5
1110,54.584858,-6.745693,10
1111,54.11567,-6.35914,17
1112,54.9298,-6.326778,5
1113,54.639393,-6.7953897,6
1114,54.986275,-6.646001,5
1115,54.485718,-5.906174,6
1116,55.05883,-6.749238,5
1117,55.107483,-6.6090293,7
1118,54.996754,-7.178403,5
1119,54.77243,-6.71943,5
1120,54.094055,-6.4618797,5
1121,54.739952,-5.922741,5
1122,54.8863,-6.23715,5
1123,54.25144,-6.509166,7
1124,55.071014,-6.614679,7
1125,54.825256,-6.2621813,5
1126,54.481213,-5.85754,6
1127,54.525238,-6.742981,10
1128,55.14544,-6.306721,5
1129,54.64893,-6.0722413,12
1130,54.74882,-6.653767,6
1131,54.810093,-6.277792,6
1132,54.18733,-6.29919,11
1133,54.23307,-6.043769,5
1134,54.517403,-5.942134,23
1135,54.65912,-6.562315,9
1136,54.484325,-6.969432,10
1137,54.260887,-6.488921,5
1138,54.343285,-5.67563,11
1139,54.11325,-6.281901,12
1140,54.520134,-7.738864,10
1141,54.432304,-5.478959,27
1142,54.753845,-6.6721,20
1143,55.01678,-6.568337,7
1144,54.21618,-6.6309767,5
1145,54.5109,-5.489234,13
1146,54.6146,-5.8989367,21
1147,54.787506,-6.142041,19
1148,54.743813,-7.231032,8
1149,54.648464,-6.8398156,7
1150,54.630802,-5.8676567,14
1151,54.6107,-6.19344,9
1152,54.39851,-6.487129,15
1153,54.548065,-5.840404,5
1154,54.612103,-7.421413,6
1155,54.75899,-6.4735246,5
1156,54.176987,-6.5589576,6
1157,54.278954,-5.847461,5
1158,54.45895,-6.0933275,7
1159,55.069206,-6.531638,5
1160,54.904358,-7.12245,8
1161,54.629013,-7.300135,9
1162,54.255074,-5.778005,9
1163,54.67908,-7.553333,6
1164,54.75644,-6.519937,6
1165,54.278088,-6.059385,10
1166,54.121178,-6.051186,5
1167,54.26562,-6.459493,8
1168,54.397972,-6.195684,10
1169,54.84347,-6.432725,15
1170,54.366013,-6.2309604,6
1171,54.02686,-6.0631547,12
1172,54.6069,-6.548001,15
1173,54.89038,-7.4198303,10
1174,54.371235,-5.808454,7
1175,54.977833,-7.3732,24
1176,54.291832,-7.679052,5
1177,54.48484,-6.7823954,10
1178,54.778507,-6.222305,6
1179,54.58122,-6.267969,6
1180,54.141186,-6.396617,5
1181,54.75716,-7.42228,12
1182,54.333942,-5.777196,10
1183,54.9999,-6.6915674,5
1184,54.10786,-5.920747,5
1185,54.748463,-7.286213,5
1186,55.15781,-6.6232185,12
1187,54.36942,-5.7915883,8
1188,54.481995,-6.617836,7
1189,54.181946,-6.2707505,12
1190,54.221577,-6.484909,17
1191,54.557537,-7.396661,10
1192,54.515816,-7.2546997,7
1193,55.03045,-6.293044,7
1194,54.488075,-6.5128036,5
1195,54.24389,-6.429331,13
1196,54.389706,-6.274092,7
1197,54.361427,-6.063519,5
1198,54.97331,-7.2573853,8
1199,54.959095,-7.1393337,9
1200,54.453663,-6.009559,6
1201,54.260193,-7.775145,6
1202,55.050224,-6.0737033,7
1203,55.07002,-6.5867376,5
1204,54.607506,-5.621755,10
1205,54.65575,-5.786559,7
1206,54.52306,-6.015501,18
1207,54.33116,-6.08256,8
1208,54.147026,-6.355191,5
1209,54.23119,-6.218757,6
1210,54.601326,-7.1828184,7
1211,54.320385,-6.271402,6
1212,54.758167,-6.3656397,5
1213,54.474182,-5.9069448,10
1214,54.563305,-6.717878,5
1215,54.565956,-5.5665565,7
1216,54.111725,-5.9342055,6
1217,54.766285,-5.69854,5
1218,54.47334,-6.149347,6
1219,54.475063,-6.160562,15
1220,54.957375,-6.395057,7
1221,54.95177,-5.967836,5
1222,54.131546,-6.587261,19
1223,54.65839,-5.80102,15
1224,54.41557,-6.669705,6
1225,54.269123,-6.688016,7
1226,54.87324,-6.315551,5
1227,54.302094,-5.5545354,6
1228,54.488567,-6.5507174,7
1229,54.402172,-6.4777746,18
1230,55.139774,-6.727867,8
1231,54.32121,-6.525625,6
1232,54.469036,-6.72797,5
1233,54.415,-6.332856,5
1234,54.832104,-6.5657754,6
1235,54.57588,-7.234152,8
1236,54.555202,-5.721578,7
1237,54.28697,-7.634057,5
1238,54.16803,-6.41302,11
1239,54.54553,-5.875776,6
1240,54.48224,-7.209398,8
1241,55.00406,-5.985418,5
1242,54.53112,-7.04935,5
1243,54.708485,-5.982011,5
1244,54.225903,-5.99729,9
1245,54.90823,-6.2173553,6
1246,55.062202,-7.2706037,7
1247,54.58042,-5.8165717,7
1248,54.980194,-6.84537,5
1249,54.725563,-6.3294854,7
1250,54.14867,-6.3258157,7
1251,54.365505,-5.778953,6
1252,54.38033,-7.53427,6
1253,54.191536,-7.4013085,7
1254,54.24486,-6.254404,5
1255,54.06856,-6.034953,9
1256,54.3835,-5.920379,8
1257,54.361946,-5.9291,5
1258,55.023903,-6.093265,8
1259,54.461143,-6.962922,5
1260,54.329082,-5.815079,5
1261,54.413193,-5.6715684,6
1262,54.9368,-7.348479,10
1263,55.120796,-6.0551877,5
1264,54.586098,-6.918984,11
1265,54.190907,-6.103295,7
1266,55.04558,-6.5267396,5
1267,54.660168,-5.566293,5
1268,54.41271,-5.839948,15
1269,54.77492,-7.4559736,5
1270,54.69636,-7.736336,8
1271,54.086185,-6.4180794,8
1272,54.443928,-6.426016,6
1273,54.54607,-6.3036284,6
1274,54.48047,-6.987565,5
1275,54.22153,-6.453653,8
1276,54.771317,-6.2161083,27
1277,54.991783,-7.161538,5
1278,54.422993,-5.692171,6
1279,54.613106,-6.1203732,5
1280,54.30133,-5.794165,12
1281,54.357788,-6.497281,5
1282,54.432945,-6.173146,11
1283,54.714283,-5.93695,12
1284,54.419453,-7.660912,7
1285,54.568108,-5.875297,13
1286,54.50221,-7.236797,6
1287,54.396103,-5.814027,9
1288,54.371696,-6.5236,7
1289,54.88048,-7.418958,7
1290,54.31463,-6.5793753,5
1291,54.62516,-6.243231,5
1292,54.917274,-6.223459,9
1293,54.483,-7.068041,6
1294,54.51524,-6.209131,6
1295,54.230164,-7.313636,7
1296,54.319653,-6.6642547,7
1297,54.910976,-7.3742466,6
1298,54.831085,-5.876163,5
1299,55.128242,-6.954381,5
1300,54.746033,-6.116769,8
1301,54.566135,-6.2393346,7
1302,54.81429,-5.853475,6
1303,55.02475,-6.316178,10
1304,54.07841,-6.639107,7
1305,54.97344,-6.8363814,6
1306,54.47754,-6.763744,8
1307,54.397167,-7.5639787,40
1308,54.827652,-6.855345,9
1309,54.686695,-7.5100965,5
1310,54.292957,-5.8570075,6
1311,54.473366,-7.161705,8
1312,54.800453,-5.7190957,7
1313,54.589527,-5.532039,5
1314,54.608734,-6.9141035,5
1315,54.504707,-6.69591,5
1316,54.411602,-6.684471,6
1317,54.279247,-5.707219,5
1318,54.896587,-5.8825326,6
1319,54.41552,-5.826982,5
1320,54.97161,-6.898163,5
1321,54.49948,-6.59934,5
1322,54.155178,-6.2940955,6
1323,54.55369,-7.246994,6
1324,54.258118,-6.686888,5
1325,54.342762,-5.838591,5
1326,54.607582,-6.577445,5
1327,54.1408,-7.35903,8
1328,54.227287,-6.13107,5
1329,54.771492,-6.023723,5
1330,54.213905,-6.302129,5
1331,54.790302,-6.5956907,5
1332,54.638844,-6.927752,8
1333,54.20382,-6.329333,7
1334,54.624107,-7.26164,5
1335,54.895924,-6.371533,5
1336,54.96826,-6.003718,6
1337,54.592716,-7.044956,6
1338,55.086105,-7.0047593,6
1339,54.611626,-6.530729,5
1340,55.170807,-6.346452,12
1341,54.546104,-5.817958,10
1342,54.966988,-7.221183,9
1343,54.196938,-6.597735,5
1344,54.569263,-5.515448,7
1345,54.942528,-7.2362275,5
1346,54.437763,-6.867958,5
1347,54.50042,-7.705774,5
1348,54.540802,-6.3190107,5
1349,54.82392,-6.84915,7
1350,54.747345,-5.7281556,8
1351,54.928257,-7.1844645,14
1352,54.491413,-6.215359,9
1353,54.645214,-7.181468,5
1354,54.55747,-6.944805,6
1355,54.098373,-5.945011,6
1356,55.171875,-6.5801535,5
1357,54.197765,-6.1215615,6
1358,54.876755,-5.8333244,12
1359,54.5857,-6.005104,7
1360,54.108673,-6.0454574,7
1361,54.914173,-6.5929427,14
1362,54.2785,-6.0391445,11
1363,54.20982,-6.436081,5
1364,54.454594,-7.474408,8
1365,54.176712,-6.285581,8
1366,54.141266,-6.222467,6
1367,54.213104,-7.678271,7
1368,54.07052,-6.626904,19
1369,54.385895,-6.538699,7
1370,55.17839,-6.6659436,11
1371,54.181255,-6.625836,7
1372,54.62896,-5.632679,7
1373,54.246376,-6.44826,7
1374,54.382908,-5.683168,6
1375,54.327057,-5.8690543,6
1376,54.266613,-7.638396,5
1377,54.39807,-6.545322,9
1378,54.21795,-7.392292,10
1379,54.476734,-6.6404138,6
1380,54.290203,-6.711575,6
1381,54.273273,-5.8898864,6
1382,54.772278,-6.506574,5
1383,54.060593,-6.419701,9
1384,55.08446,-6.371458,6
1385,54.22948,-5.896018,7
1386,54.473232,-6.6924996,6
1387,54.278893,-5.862405,5
1388,54.50899,-6.130751,9
1389,54.205357,-6.4708867,11
1390,54.788486,-7.519235,6
1391,54.83646,-5.734506,8
1392,54.27812,-5.969391,8
1393,54.28493,-5.9978065,7
1394,54.494633,-7.9898777,9
1395,54.374485,-6.337475,6
1396,54.52327,-5.977056,9
1397,54.773598,-6.043563,5
1398,54.26372,-6.2383513,6
1399,54.894737,-6.579862,8
1400,54.561157,-6.251208,6
1401,54.212616,-6.332381,10
1402,54.652733,-6.097148,5
1403,54.23252,-6.395884,5
1404,54.194546,-6.272262,6
1405,54.8367,-7.3284354,6
1406,54.718227,-6.369341,9
1407,54.143547,-6.62427,5
1408,55.14545,-6.221064,8
1409,54.64689,-7.0404067,5
1410,54.570366,-6.6364794,5
1411,54.827892,-6.291837,7
1412,55.14663,-6.7976446,5
1413,54.3879,-7.446615,8
1414,54.63579,-7.1776547,6
1415,54.706493,-7.5130224,9
1416,54.379547,-7.270763,8
1417,54.497196,-6.678816,6
1418,54.36547,-6.046018,5
1419,54.421604,-6.2721076,6
1420,54.651733,-6.661376,10
1421,54.490543,-5.7456803,6
1422,54.660774,-7.6363893,5
1423,54.30388,-7.3124256,9
1424,54.792625,-6.329652,5
1425,54.603317,-5.629862,6
1426,54.85067,-6.245337,8
1427,54.528736,-5.874285,8
1428,54.518433,-6.6945467,11
1429,54.196815,-6.130834,5
1430,54.92995,-7.402318,5
1431,54.779724,-6.7025385,5
1432,54.562767,-7.317086,5
1433,54.315758,-6.185736,5
1434,54.899525,-7.195037,28
1435,54.33172,-7.3199396,5
1436,54.503414,-7.01395,6
1437,54.927723,-7.111809,14
1438,54.915257,-7.4220433,6
1439,54.259537,-6.789061,8
1440,54.200264,-6.47981,5
1441,54.49904,-5.896791,6
1442,54.62265,-7.206893,5
1443,55.125114,-6.638186,5
1444,54.49696,-5.7707,5
1445,54.66625,-7.60505,5
1446,54.455044,-6.1369267,11
1447,54.430252,-6.044893,6
1448,54.87701,-6.128037,8
1449,54.65026,-6.206512,5
1450,54.674747,-5.623608,7
1451,54.637318,-6.191733,5
1452,54.498077,-7.170831,6
1453,54.726524,-7.0665727,5
1454,54.93968,-7.258612,12
1455,54.782715,-5.7004967,5
1456,54.814415,-6.6393137,5
1457,54.69363,-6.0529513,8
1458,54.801693,-5.859809,7
1459,54.434902,-7.125614,6
1460,54.232674,-6.6931243,5
1461,54.424767,-7.280313,8
1462,54.31824,-5.542828,8
1463,54.295734,-5.9284387,6
1464,54.25752,-6.318,5
1465,54.65014,-7.349301,8
1466,54.45574,-6.077341,5
