WardCode,WARDNAME,Population,NumberOfCrimes,CrimeRatePer100kPeople,RatePercentile,RateRank,HighCrimeRate,TotalCrimes,AvgMonthly,TrendChange,TrendPct,TrendSlope,Months,FirstMonth,LastMonth
N08000101,ABBEY,2922.0,0.0,0.0,0.4512987012987013,47,True,,,,,,,,
N08000102,ALDERGROVE,4775.0,0.0,0.0,0.4512987012987013,47,True,,,,,,,,
N08000103,ANTRIM CENTRE,,1.0,0.0,0.4512987012987013,47,True,1.0,1.0,0.0,0.0,0.0,1.0,2025-10,2025-10
N08000104,BALLYCLARE EAST,,1.0,0.0,0.4512987012987013,47,True,1.0,1.0,0.0,0.0,0.0,1.0,2025-10,2025-10
N08000105,BALLYCLARE WEST,,0.0,0.0,0.4512987012987013,47,True,,,,,,,,
N08000106,BALLYDUFF,2769.0,0.0,0.0,0.4512987012987013,47,True,,,,,,,,
N08000107,BALLYHENRY,2730.0,0.0,0.0,0.4512987012987013,47,True,,,,,,,,
N08000108,BALLYNURE,3412.0,0.0,0.0,0.4512987012987013,47,True,,,,,,,,
N08000109,BALLYROBERT,4609.0,0.0,0.0,0.4512987012987013,47,True,,,,,,,,
N08000110,BURNTHILL,2422.0,0.0,0.0,0.4512987012987013,47,True,,,,,,,,
N08000111,CARNMONEY,2668.0,0.0,0.0,0.4512987012987013,47,True,,,,,,,,
N08000112,CARNMONEY HILL,,0.0,0.0,0.4512987012987013,47,True,,,,,,,,
N08000114,COLLINBRIDGE,3102.0,0.0,0.0,0.4512987012987013,47,True,,,,,,,,
N08000115,CRANFIELD,2728.0,1.0,36.65689,0.9632034632034632,18,True,1.0,1.0,0.0,0.0,0.0,1.0,2025-10,2025-10
N08000116,CRUMLIN,4468.0,0.0,0.0,0.4512987012987013,47,True,,,,,,,,
N08000117,DOAGH,3745.0,0.0,0.0,0.4512987012987013,47,True,,,,,,,,
N08000118,FAIRVIEW,,0.0,0.0,0.4512987012987013,47,True,,,,,,,,
N08000119,FOUNTAIN HILL,2353.0,0.0,0.0,0.4512987012987013,47,True,,,,,,,,
N08000120,GLEBE,1889.0,0.0,0.0,0.4512987012987013,47,True,,,,,,,,
N08000121,GLENGORMLEY,2807.0,0.0,0.0,0.4512987012987013,47,True,,,,,,,,
N08000122,GREYSTONE,1870.0,0.0,0.0,0.4512987012987013,47,True,,,,,,,,
N08000124,JORDANSTOWN,6118.0,0.0,0.0,0.4512987012987013,47,True,,,,,,,,
N08000125,MALLUSK,10010.0,0.0,0.0,0.4512987012987013,47,True,,,,,,,,
N08000126,MONKSTOWN,3574.0,0.0,0.0,0.4512987012987013,47,True,,,,,,,,
N08000127,MOSSLEY,2942.0,0.0,0.0,0.4512987012987013,47,True,,,,,,,,
N08000128,O'NEILL,,0.0,0.0,0.4512987012987013,47,True,,,,,,,,
N08000129,PARKGATE,2758.0,0.0,0.0,0.4512987012987013,47,True,,,,,,,,
N08000130,RANDALSTOWN,3445.0,0.0,0.0,0.4512987012987013,47,True,,,,,,,,
N08000131,RATHCOOLE,,0.0,0.0,0.4512987012987013,47,True,,,,,,,,
N08000132,ROSTULLA,4691.0,2.0,42.634834,0.9783549783549783,11,True,2.0,2.0,0.0,0.0,0.0,1.0,2025-10,2025-10
N08000133,SHILVODAN,2485.0,1.0,40.241447,0.9718614718614719,14,True,1.0,1.0,0.0,0.0,0.0,1.0,2025-10,2025-10
N08000134,SPRINGFARM,4967.0,3.0,60.398632,0.987012987012987,7,True,3.0,3.0,0.0,0.0,0.0,1.0,2025-10,2025-10
N08000135,STEEPLE,1822.0,0.0,0.0,0.4512987012987013,47,True,,,,,,,,
N08000136,STILES,2019.0,1.0,49.52947,0.9848484848484849,8,True,1.0,1.0,0.0,0.0,0.0,1.0,2025-10,2025-10
N08000137,TEMPLEPATRICK,2612.0,0.0,0.0,0.4512987012987013,47,True,,,,,,,,
N08000138,TOOME,2757.0,0.0,0.0,0.4512987012987013,47,True,,,,,,,,
N08000139,VALLEY,2738.0,1.0,36.52301,0.961038961038961,19,True,1.0,1.0,0.0,0.0,0.0,1.0,2025-10,2025-10
N08000140,WHITEHOUSE,2139.0,0.0,0.0,0.4512987012987013,47,True,,,,,,,,
N08000201,AGHAGALLON,5273.0,0.0,0.0,0.4512987012987013,47,True,,,,,,,,
N08000202,BALLYBAY,3086.0,0.0,0.0,0.4512987012987013,47,True,,,,,,,,
N08000203,BANBRIDGE EAST,,0.0,0.0,0.4512987012987013,47,True,,,,,,,,
N08000204,BANBRIDGE NORTH,,1.0,0.0,0.4512987012987013,47,True,1.0,1.0,0.0,0.0,0.0,1.0,2025-10,2025-10
N08000205,BANBRIDGE SOUTH,,0.0,0.0,0.4512987012987013,47,True,,,,,,,,
N08000206,BANBRIDGE WEST,3211.0,0.0,0.0,0.4512987012987013,47,True,,,,,,,,
N08000207,BLACKWATERTOWN,,0.0,0.0,0.4512987012987013,47,True,,,,,,,,
N08000208,BLEARY,4409.0,0.0,0.0,0.4512987012987013,47,True,,,,,,,,
N08000209,BROWNLOW,,0.0,0.0,0.4512987012987013,47,True,,,,,,,,
N08000210,CATHEDRAL,3222.0,0.0,0.0,0.4512987012987013,47,True,,,,,,,,
N08000211,CORCRAIN,3695.0,0.0,0.0,0.4512987012987013,47,True,,,,,,,,
N08000212,CRAIGAVON CENTRE,,0.0,0.0,0.4512987012987013,47,True,,,,,,,,
N08000213,DEMESNE,3145.0,0.0,0.0,0.4512987012987013,47,True,,,,,,,,
N08000214,DERRYTRASNA,5935.0,0.0,0.0,0.4512987012987013,47,True,,,,,,,,
N08000215,DONAGHCLONEY,4405.0,0.0,0.0,0.4512987012987013,47,True,,,,,,,,
N08000216,DROMORE,2343.0,0.0,0.0,0.4512987012987013,47,True,,,,,,,,
N08000217,GILFORD,2647.0,0.0,0.0,0.4512987012987013,47,True,,,,,,,,
N08000218,GRANSHA,3759.0,0.0,0.0,0.4512987012987013,47,True,,,,,,,,
N08000219,HAMILTONSBAWN,3682.0,0.0,0.0,0.4512987012987013,47,True,,,,,,,,
N08000220,KEADY,1972.0,0.0,0.0,0.4512987012987013,47,True,,,,,,,,
N08000221,KERNAN,8026.0,0.0,0.0,0.4512987012987013,47,True,,,,,,,,
N08000223,KNOCKNASHANE,3789.0,0.0,0.0,0.4512987012987013,47,True,,,,,,,,
N08000224,LOUGH ROAD,,0.0,0.0,0.4512987012987013,47,True,,,,,,,,
N08000225,LOUGHBRICKLAND,3010.0,0.0,0.0,0.4512987012987013,47,True,,,,,,,,
N08000226,LOUGHGALL,3027.0,0.0,0.0,0.4512987012987013,47,True,,,,,,,,
N08000227,MAGHERALIN,6006.0,0.0,0.0,0.4512987012987013,47,True,,,,,,,,
N08000228,MAHON,,0.0,0.0,0.4512987012987013,47,True,,,,,,,,
N08000229,MARKETHILL,3114.0,0.0,0.0,0.4512987012987013,47,True,,,,,,,,
N08000230,MOURNEVIEW,2495.0,0.0,0.0,0.4512987012987013,47,True,,,,,,,,
N08000231,NAVAN,,0.0,0.0,0.4512987012987013,47,True,,,,,,,,
N08000232,PARKLAKE,4621.0,1.0,21.640337,0.9199134199134199,38,True,1.0,1.0,0.0,0.0,0.0,1.0,2025-10,2025-10
N08000233,QUILLY,2546.0,0.0,0.0,0.4512987012987013,47,True,,,,,,,,
N08000234,RATHFRILAND,2772.0,0.0,0.0,0.4512987012987013,47,True,,,,,,,,
N08000235,RICHHILL,2913.0,0.0,0.0,0.4512987012987013,47,True,,,,,,,,
N08000236,SEAGAHAN,,0.0,0.0,0.4512987012987013,47,True,,,,,,,,
N08000237,SHANKILL,4324.0,1.0,23.126734,0.9285714285714286,34,True,1.0,1.0,0.0,0.0,0.0,1.0,2025-10,2025-10
N08000238,TANDRAGEE,3067.0,0.0,0.0,0.4512987012987013,47,True,,,,,,,,
N08000239,THE BIRCHES,4163.0,0.0,0.0,0.4512987012987013,47,True,,,,,,,,
N08000240,THE MALL,1975.0,0.0,0.0,0.4512987012987013,47,True,,,,,,,,
N08000241,WARINGSTOWN,4860.0,0.0,0.0,0.4512987012987013,47,True,,,,,,,,
N08000301,ANDERSONSTOWN,4544.0,0.0,0.0,0.4512987012987013,47,True,,,,,,,,
N08000302,ARDOYNE,5900.0,0.0,0.0,0.4512987012987013,47,True,,,,,,,,
N08000303,BALLYGOMARTIN,,0.0,0.0,0.4512987012987013,47,True,,,,,,,,
N08000304,BALLYMACARRETT,5047.0,0.0,0.0,0.4512987012987013,47,True,,,,,,,,
N08000305,BALLYMURPHY,,0.0,0.0,0.4512987012987013,47,True,,,,,,,,
N08000306,BALLYSILLAN,5804.0,0.0,0.0,0.4512987012987013,47,True,,,,,,,,
N08000307,BEECHMOUNT,5429.0,0.0,0.0,0.4512987012987013,47,True,,,,,,,,
N08000308,BEERSBRIDGE,,1.0,0.0,0.4512987012987013,47,True,1.0,1.0,0.0,0.0,0.0,1.0,2025-10,2025-10
N08000309,BELLEVUE,5163.0,0.0,0.0,0.4512987012987013,47,True,,,,,,,,
N08000310,BELMONT,6148.0,0.0,0.0,0.4512987012987013,47,True,,,,,,,,
N08000311,BELVOIR,,0.0,0.0,0.4512987012987013,47,True,,,,,,,,
N08000312,BLACKSTAFF,4503.0,1.0,22.207417,0.9242424242424242,36,True,1.0,1.0,0.0,0.0,0.0,1.0,2025-10,2025-10
N08000313,BLOOMFIELD,5373.0,0.0,0.0,0.4512987012987013,47,True,,,,,,,,
N08000315,CENTRAL,2941.0,0.0,0.0,0.4512987012987013,47,True,,,,,,,,
N08000316,CHICHESTER PARK,5480.0,0.0,0.0,0.4512987012987013,47,True,,,,,,,,
N08000317,CLIFTONVILLE,5486.0,0.0,0.0,0.4512987012987013,47,True,,,,,,,,
N08000318,CLONARD,5217.0,0.0,0.0,0.4512987012987013,47,True,,,,,,,,
N08000319,COLLIN GLEN,5712.0,0.0,0.0,0.4512987012987013,47,True,,,,,,,,
N08000320,CONNSWATER,,0.0,0.0,0.4512987012987013,47,True,,,,,,,,
N08000321,CREGAGH,2185.0,0.0,0.0,0.4512987012987013,47,True,,,,,,,,
N08000322,DUNCAIRN,5701.0,0.0,0.0,0.4512987012987013,47,True,,,,,,,,
N08000323,DUNMURRY,4241.0,1.0,23.579344,0.9307359307359307,33,True,1.0,1.0,0.0,0.0,0.0,1.0,2025-10,2025-10
N08000324,FALLS,5258.0,0.0,0.0,0.4512987012987013,47,True,,,,,,,,
N08000325,FALLS PARK,5201.0,0.0,0.0,0.4512987012987013,47,True,,,,,,,,
N08000326,FINAGHY,4498.0,0.0,0.0,0.4512987012987013,47,True,,,,,,,,
N08000327,FORTH RIVER,,0.0,0.0,0.4512987012987013,47,True,,,,,,,,
N08000328,FORTWILLIAM,4416.0,0.0,0.0,0.4512987012987013,47,True,,,,,,,,
N08000332,INNISFAYLE,,0.0,0.0,0.4512987012987013,47,True,,,,,,,,
N08000333,KNOCK,4645.0,0.0,0.0,0.4512987012987013,47,True,,,,,,,,
N08000334,LADYBROOK,6179.0,1.0,16.18385,0.9047619047619048,45,True,1.0,1.0,0.0,0.0,0.0,1.0,2025-10,2025-10
N08000335,LAGMORE,,0.0,0.0,0.4512987012987013,47,True,,,,,,,,
N08000336,LEGONIEL,6984.0,0.0,0.0,0.4512987012987013,47,True,,,,,,,,
N08000337,MALONE,5460.0,0.0,0.0,0.4512987012987013,47,True,,,,,,,,
N08000338,MEROK,,0.0,0.0,0.4512987012987013,47,True,,,,,,,,
N08000339,MUSGRAVE,4836.0,1.0,20.678246,0.9177489177489178,39,True,1.0,1.0,0.0,0.0,0.0,1.0,2025-10,2025-10
N08000340,NEW LODGE,4748.0,0.0,0.0,0.4512987012987013,47,True,,,,,,,,
N08000341,ORANGEFIELD,5724.0,0.0,0.0,0.4512987012987013,47,True,,,,,,,,
N08000342,ORMEAU,,1.0,0.0,0.4512987012987013,47,True,1.0,1.0,0.0,0.0,0.0,1.0,2025-10,2025-10
N08000344,RAVENHILL,6486.0,0.0,0.0,0.4512987012987013,47,True,,,,,,,,
N08000345,ROSETTA,6820.0,0.0,0.0,0.4512987012987013,47,True,,,,,,,,
N08000346,SANDOWN,,0.0,0.0,0.4512987012987013,47,True,,,,,,,,
N08000348,SHANKILL,4324.0,0.0,0.0,0.4512987012987013,47,True,,,,,,,,
N08000349,SHAW'S ROAD,,0.0,0.0,0.4512987012987013,47,True,,,,,,,,
N08000352,STRANMILLIS,8355.0,0.0,0.0,0.4512987012987013,47,True,,,,,,,,
N08000353,SYDENHAM,5035.0,0.0,0.0,0.4512987012987013,47,True,,,,,,,,
N08000354,TURF LODGE,,0.0,0.0,0.4512987012987013,47,True,,,,,,,,
N08000355,TWINBROOK,2609.0,2.0,76.65772,0.9956709956709957,3,True,2.0,2.0,0.0,0.0,0.0,1.0,2025-10,2025-10
N08000356,UPPER MALONE,4955.0,0.0,0.0,0.4512987012987013,47,True,,,,,,,,
N08000357,WATER WORKS,6584.0,1.0,15.188335,0.9025974025974026,46,True,1.0,1.0,0.0,0.0,0.0,1.0,2025-10,2025-10
N08000358,WINDSOR,7730.0,0.0,0.0,0.4512987012987013,47,True,,,,,,,,
N08000359,WOODSTOCK,5736.0,0.0,0.0,0.4512987012987013,47,True,,,,,,,,
N08000360,WOODVALE,4143.0,0.0,0.0,0.4512987012987013,47,True,,,,,,,,
N08000401,AGHADOWEY,,0.0,0.0,0.4512987012987013,47,True,,,,,,,,
N08000402,ALTAHULLION,,0.0,0.0,0.4512987012987013,47,True,,,,,,,,
N08000403,ATLANTIC,2380.0,0.0,0.0,0.4512987012987013,47,True,,,,,,,,
N08000404,BALLYCASTLE,,0.0,0.0,0.4512987012987013,47,True,,,,,,,,
N08000405,BALLYKELLY,1733.0,0.0,0.0,0.4512987012987013,47,True,,,,,,,,
N08000406,BALLYMONEY EAST,,0.0,0.0,0.4512987012987013,47,True,,,,,,,,
N08000407,BALLYMONEY NORTH,,0.0,0.0,0.4512987012987013,47,True,,,,,,,,
N08000408,BALLYMONEY SOUTH,,0.0,0.0,0.4512987012987013,47,True,,,,,,,,
N08000409,CASTLEROCK,3105.0,0.0,0.0,0.4512987012987013,47,True,,,,,,,,
N08000410,CHURCHLAND,2622.0,0.0,0.0,0.4512987012987013,47,True,,,,,,,,
N08000411,CLOGH MILLS,1938.0,0.0,0.0,0.4512987012987013,47,True,,,,,,,,
N08000412,COOLESSAN,1351.0,0.0,0.0,0.4512987012987013,47,True,,,,,,,,
N08000413,DERVOCK,1575.0,0.0,0.0,0.4512987012987013,47,True,,,,,,,,
N08000414,DRUMSURN,,0.0,0.0,0.4512987012987013,47,True,,,,,,,,
N08000415,DUNDOOAN,3297.0,0.0,0.0,0.4512987012987013,47,True,,,,,,,,
N08000416,DUNGIVEN,2043.0,1.0,48.947624,0.9826839826839827,9,True,1.0,1.0,0.0,0.0,0.0,1.0,2025-10,2025-10
N08000417,DUNLOY,2416.0,1.0,41.390728,0.9761904761904762,12,True,1.0,1.0,0.0,0.0,0.0,1.0,2025-10,2025-10
N08000418,FEENY,2335.0,0.0,0.0,0.4512987012987013,47,True,,,,,,,,
N08000419,GARVAGH,3002.0,0.0,0.0,0.4512987012987013,47,True,,,,,,,,
N08000420,GIANT'S CAUSEWAY,,1.0,0.0,0.4512987012987013,47,True,1.0,1.0,0.0,0.0,0.0,1.0,2025-10,2025-10
N08000421,GREYSTEEL,,0.0,0.0,0.4512987012987013,47,True,,,,,,,,
N08000422,GREYSTONE,1870.0,0.0,0.0,0.4512987012987013,47,True,,,,,,,,
N08000423,HOPEFIELD,3637.0,0.0,0.0,0.4512987012987013,47,True,,,,,,,,
N08000424,KILREA,2859.0,0.0,0.0,0.4512987012987013,47,True,,,,,,,,
N08000425,KINBANE,922.0,0.0,0.0,0.4512987012987013,47,True,,,,,,,,
N08000426,LOUGHGUILE and STRANOCUM,,2.0,0.0,0.4512987012987013,47,True,2.0,2.0,0.0,0.0,0.0,1.0,2025-10,2025-10
N08000427,LURIGETHAN,,0.0,0.0,0.4512987012987013,47,True,,,,,,,,
N08000428,MACOSQUIN,2373.0,0.0,0.0,0.4512987012987013,47,True,,,,,,,,
N08000429,MAGILLIGAN,2488.0,0.0,0.0,0.4512987012987013,47,True,,,,,,,,
N08000430,MOUNTSANDEL,2020.0,0.0,0.0,0.4512987012987013,47,True,,,,,,,,
N08000431,PORTRUSH and DUNLUCE,,0.0,0.0,0.4512987012987013,47,True,,,,,,,,
N08000432,PORTSTEWART,1716.0,0.0,0.0,0.4512987012987013,47,True,,,,,,,,
N08000433,QUARRY,,0.0,0.0,0.4512987012987013,47,True,,,,,,,,
N08000434,RASHARKIN,,0.0,0.0,0.4512987012987013,47,True,,,,,,,,
N08000435,ROESIDE,1435.0,0.0,0.0,0.4512987012987013,47,True,,,,,,,,
N08000436,ROUTE,1557.0,0.0,0.0,0.4512987012987013,47,True,,,,,,,,
N08000438,UNIVERSITY,2579.0,0.0,0.0,0.4512987012987013,47,True,,,,,,,,
N08000439,WATERSIDE,2654.0,0.0,0.0,0.4512987012987013,47,True,,,,,,,,
N08000440,WINDY HALL,,0.0,0.0,0.4512987012987013,47,True,,,,,,,,
N08000501,ARTIGARVAN,2899.0,0.0,0.0,0.4512987012987013,47,True,,,,,,,,
N08000502,BALLYCOLMAN,1687.0,0.0,0.0,0.4512987012987013,47,True,,,,,,,,
N08000503,BALLYMAGROARTY,,0.0,0.0,0.4512987012987013,47,True,,,,,,,,
N08000504,BRANDYWELL,2338.0,0.0,0.0,0.4512987012987013,47,True,,,,,,,,
N08000505,CARN HILL,2587.0,0.0,0.0,0.4512987012987013,47,True,,,,,,,,
N08000506,CASTLEDERG,2069.0,0.0,0.0,0.4512987012987013,47,True,,,,,,,,
N08000507,CAW,2781.0,0.0,0.0,0.4512987012987013,47,True,,,,,,,,
N08000508,CITY WALLS,,0.0,0.0,0.4512987012987013,47,True,,,,,,,,
N08000509,CLAUDY,3513.0,0.0,0.0,0.4512987012987013,47,True,,,,,,,,
N08000510,CLONDERMOT,3014.0,0.0,0.0,0.4512987012987013,47,True,,,,,,,,
N08000511,CREGGAN,3544.0,0.0,0.0,0.4512987012987013,47,True,,,,,,,,
N08000512,CREGGAN SOUTH,2800.0,0.0,0.0,0.4512987012987013,47,True,,,,,,,,
N08000514,DRUMAHOE,,1.0,0.0,0.4512987012987013,47,True,1.0,1.0,0.0,0.0,0.0,1.0,2025-10,2025-10
N08000515,DUNNAMANAGH,2253.0,0.0,0.0,0.4512987012987013,47,True,,,,,,,,
N08000516,EBRINGTON,2646.0,0.0,0.0,0.4512987012987013,47,True,,,,,,,,
N08000517,EGLINTON,4441.0,1.0,22.51745,0.9264069264069265,35,True,1.0,1.0,0.0,0.0,0.0,1.0,2025-10,2025-10
N08000518,ENAGH,6277.0,0.0,0.0,0.4512987012987013,47,True,,,,,,,,
N08000519,FINN,2946.0,1.0,33.944332,0.9502164502164502,24,True,1.0,1.0,0.0,0.0,0.0,1.0,2025-10,2025-10
N08000520,FOYLE SPRINGS,3564.0,0.0,0.0,0.4512987012987013,47,True,,,,,,,,
N08000521,GALLIAGH,,0.0,0.0,0.4512987012987013,47,True,,,,,,,,
N08000522,GLENDERG,2692.0,0.0,0.0,0.4512987012987013,47,True,,,,,,,,
N08000523,GLENELLY VALLEY,,0.0,0.0,0.4512987012987013,47,True,,,,,,,,
N08000524,KILFENNAN,2864.0,0.0,0.0,0.4512987012987013,47,True,,,,,,,,
N08000525,LISNAGELVIN,3151.0,0.0,0.0,0.4512987012987013,47,True,,,,,,,,
N08000526,MADAM'S BANK,,0.0,0.0,0.4512987012987013,47,True,,,,,,,,
N08000527,NEW BUILDINGS,2556.0,0.0,0.0,0.4512987012987013,47,True,,,,,,,,
N08000528,NEWTOWNSTEWART,2214.0,0.0,0.0,0.4512987012987013,47,True,,,,,,,,
N08000529,NORTHLAND,1455.0,0.0,0.0,0.4512987012987013,47,True,,,,,,,,
N08000530,PARK,2315.0,0.0,0.0,0.4512987012987013,47,True,,,,,,,,
N08000531,SHANTALLOW,,0.0,0.0,0.4512987012987013,47,True,,,,,,,,
N08000533,SHERIFF'S MOUNTAIN,,1.0,0.0,0.4512987012987013,47,True,1.0,1.0,0.0,0.0,0.0,1.0,2025-10,2025-10
N08000534,SION MILLS,2336.0,0.0,0.0,0.4512987012987013,47,True,,,,,,,,
N08000536,SLIEVEKIRK,2525.0,0.0,0.0,0.4512987012987013,47,True,,,,,,,,
N08000538,STRABANE NORTH,,0.0,0.0,0.4512987012987013,47,True,,,,,,,,
N08000540,VICTORIA,2433.0,0.0,0.0,0.4512987012987013,47,True,,,,,,,,
N08000602,BELCOO and GARRISON,2761.0,0.0,0.0,0.4512987012987013,47,True,,,,,,,,
N08000605,BOHO CLEENISH and LETTERBREEN,3544.0,0.0,0.0,0.4512987012987013,47,True,,,,,,,,
N08000609,COOLNAGARD,3438.0,0.0,0.0,0.4512987012987013,47,True,,,,,,,,
N08000611,DERRYGONNELLY,2901.0,0.0,0.0,0.4512987012987013,47,True,,,,,,,,
N08000612,DERRYLIN,2924.0,0.0,0.0,0.4512987012987013,47,True,,,,,,,,
N08000621,FLORENCE COURT and KINAWLEY,2890.0,0.0,0.0,0.4512987012987013,47,True,,,,,,,,
N08000623,GORTRUSH,2906.0,1.0,34.411564,0.9545454545454546,22,True,1.0,1.0,0.0,0.0,0.0,1.0,2025-10,2025-10
N08000625,KILLYCLOGHER,3235.0,0.0,0.0,0.4512987012987013,47,True,,,,,,,,
N08000629,MAGUIRESBRIDGE,,0.0,0.0,0.4512987012987013,47,True,,,,,,,,
N08000634,ROSSLEA,2165.0,0.0,0.0,0.4512987012987013,47,True,,,,,,,,
N08000635,ROSSORRY,2544.0,0.0,0.0,0.4512987012987013,47,True,,,,,,,,
N08000637,STRULE,1534.0,1.0,65.18905,0.9891774891774892,6,True,1.0,1.0,0.0,0.0,0.0,1.0,2025-10,2025-10
N08000701,BALLINDERRY,5307.0,0.0,0.0,0.4512987012987013,47,True,,,,,,,,
N08000704,BALLYMACBRENNAN,3639.0,0.0,0.0,0.4512987012987013,47,True,,,,,,,,
N08000705,BALLYMACOSS,9874.0,0.0,0.0,0.4512987012987013,47,True,,,,,,,,
N08000706,BEECHILL,4900.0,1.0,20.408163,0.9155844155844156,40,True,1.0,1.0,0.0,0.0,0.0,1.0,2025-10,2025-10
N08000707,BLARIS,3680.0,0.0,0.0,0.4512987012987013,47,True,,,,,,,,
N08000708,CAIRNSHILL,3997.0,0.0,0.0,0.4512987012987013,47,True,,,,,,,,
N08000709,CARROWREAGH,6357.0,0.0,0.0,0.4512987012987013,47,True,,,,,,,,
N08000710,CARRYDUFF EAST,3711.0,0.0,0.0,0.4512987012987013,47,True,,,,,,,,
N08000711,CARRYDUFF WEST,3406.0,0.0,0.0,0.4512987012987013,47,True,,,,,,,,
N08000712,DERRYAGHY,11023.0,0.0,0.0,0.4512987012987013,47,True,,,,,,,,
N08000713,DROMARA,4632.0,0.0,0.0,0.4512987012987013,47,True,,,,,,,,
N08000714,DRUMBO,3604.0,0.0,0.0,0.4512987012987013,47,True,,,,,,,,
N08000715,DUNDONALD,3440.0,0.0,0.0,0.4512987012987013,47,True,,,,,,,,
N08000717,GALWALLY,2557.0,0.0,0.0,0.4512987012987013,47,True,,,,,,,,
N08000718,GLENAVY,6252.0,0.0,0.0,0.4512987012987013,47,True,,,,,,,,
N08000719,GRAHAM'S BRIDGE,2793.0,0.0,0.0,0.4512987012987013,47,True,,,,,,,,
N08000720,HARMONY HILL,2937.0,0.0,0.0,0.4512987012987013,47,True,,,,,,,,
N08000721,HILDEN,2973.0,0.0,0.0,0.4512987012987013,47,True,,,,,,,,
N08000722,HILLHALL,3403.0,0.0,0.0,0.4512987012987013,47,True,,,,,,,,
N08000723,HILLSBOROUGH,4063.0,0.0,0.0,0.4512987012987013,47,True,,,,,,,,
N08000725,KNOCKMORE,4891.0,0.0,0.0,0.4512987012987013,47,True,,,,,,,,
N08000726,LAGAN,,0.0,0.0,0.4512987012987013,47,True,,,,,,,,
N08000727,LAGAN VALLEY,3125.0,0.0,0.0,0.4512987012987013,47,True,,,,,,,,
N08000728,LAMBEG,3121.0,0.0,0.0,0.4512987012987013,47,True,,,,,,,,
N08000729,LISNAGARVEY,2538.0,0.0,0.0,0.4512987012987013,47,True,,,,,,,,
N08000730,MAGHABERRY,5392.0,1.0,18.545994,0.9090909090909091,43,True,1.0,1.0,0.0,0.0,0.0,1.0,2025-10,2025-10
N08000731,MAGHERALAVE,4034.0,0.0,0.0,0.4512987012987013,47,True,,,,,,,,
N08000732,MAZE,4050.0,0.0,0.0,0.4512987012987013,47,True,,,,,,,,
N08000733,MOIRA,5426.0,0.0,0.0,0.4512987012987013,47,True,,,,,,,,
N08000735,NEWTOWNBREDA,2689.0,0.0,0.0,0.4512987012987013,47,True,,,,,,,,
N08000736,OLD WARREN,2770.0,1.0,36.10108,0.9567099567099567,21,True,1.0,1.0,0.0,0.0,0.0,1.0,2025-10,2025-10
N08000737,RAVERNET,,0.0,0.0,0.4512987012987013,47,True,,,,,,,,
N08000738,STONYFORD,,0.0,0.0,0.4512987012987013,47,True,,,,,,,,
N08000739,WALLACE PARK,3656.0,0.0,0.0,0.4512987012987013,47,True,,,,,,,,
N08000801,ACADEMY,2048.0,0.0,0.0,0.4512987012987013,47,True,,,,,,,,
N08000803,ARDEEVIN,3745.0,1.0,26.70227,0.9329004329004329,32,True,1.0,1.0,0.0,0.0,0.0,1.0,2025-10,2025-10
N08000804,BALLEE and HARRYVILLE,,0.0,0.0,0.4512987012987013,47,True,,,,,,,,
N08000805,BALLYCARRY and GLYNN,,1.0,0.0,0.4512987012987013,47,True,1.0,1.0,0.0,0.0,0.0,1.0,2025-10,2025-10
N08000806,BALLYKEEL,1723.0,0.0,0.0,0.4512987012987013,47,True,,,,,,,,
N08000807,BONEYBEFORE,1675.0,0.0,0.0,0.4512987012987013,47,True,,,,,,,,
N08000808,BRAIDWATER,,0.0,0.0,0.4512987012987013,47,True,,,,,,,,
N08000809,BROUGHSHANE,3560.0,0.0,0.0,0.4512987012987013,47,True,,,,,,,,
N08000810,BURLEIGH HILL,2767.0,0.0,0.0,0.4512987012987013,47,True,,,,,,,,
N08000811,CAIRNCASTLE,,0.0,0.0,0.4512987012987013,47,True,,,,,,,,
N08000812,CARNLOUGH and GLENARM,,0.0,0.0,0.4512987012987013,47,True,,,,,,,,
N08000813,CASTLE,,0.0,0.0,0.4512987012987013,47,True,,,,,,,,
N08000814,CASTLE DEMESNE,2637.0,2.0,75.843765,0.9935064935064936,4,True,2.0,2.0,0.0,0.0,0.0,1.0,2025-10,2025-10
N08000815,CRAIGYHILL,1383.0,0.0,0.0,0.4512987012987013,47,True,,,,,,,,
N08000816,CULLYBACKEY,2857.0,0.0,0.0,0.4512987012987013,47,True,,,,,,,,
N08000817,CURRAN and INVER,,1.0,0.0,0.4512987012987013,47,True,1.0,1.0,0.0,0.0,0.0,1.0,2025-10,2025-10
N08000818,FAIR GREEN,2091.0,0.0,0.0,0.4512987012987013,47,True,,,,,,,,
N08000819,GALGORM,3313.0,0.0,0.0,0.4512987012987013,47,True,,,,,,,,
N08000820,GARDENMORE,1857.0,0.0,0.0,0.4512987012987013,47,True,,,,,,,,
N08000821,GLENRAVEL,3651.0,0.0,0.0,0.4512987012987013,47,True,,,,,,,,
N08000822,GLENWHIRRY,3107.0,0.0,0.0,0.4512987012987013,47,True,,,,,,,,
N08000823,GORTALEE,1607.0,0.0,0.0,0.4512987012987013,47,True,,,,,,,,
N08000824,GRANGE,3687.0,1.0,27.122322,0.9372294372294372,30,True,1.0,1.0,0.0,0.0,0.0,1.0,2025-10,2025-10
N08000825,GREENISLAND,3015.0,0.0,0.0,0.4512987012987013,47,True,,,,,,,,
N08000826,ISLANDMAGEE,2535.0,0.0,0.0,0.4512987012987013,47,True,,,,,,,,
N08000827,KELLS,3486.0,0.0,0.0,0.4512987012987013,47,True,,,,,,,,
N08000828,KILROOT,,0.0,0.0,0.4512987012987013,47,True,,,,,,,,
N08000829,KILWAUGHTER,6148.0,1.0,16.265451,0.9069264069264069,44,True,1.0,1.0,0.0,0.0,0.0,1.0,2025-10,2025-10
N08000830,KIRKINRIOLA,,0.0,0.0,0.4512987012987013,47,True,,,,,,,,
N08000831,LOVE LANE,1560.0,0.0,0.0,0.4512987012987013,47,True,,,,,,,,
N08000832,MAINE,,0.0,0.0,0.4512987012987013,47,True,,,,,,,,
N08000833,PARK,2315.0,0.0,0.0,0.4512987012987013,47,True,,,,,,,,
N08000834,PORTGLENONE,3361.0,0.0,0.0,0.4512987012987013,47,True,,,,,,,,
N08000835,SLEMISH,2692.0,0.0,0.0,0.4512987012987013,47,True,,,,,,,,
N08000836,SUNNYLANDS,1495.0,0.0,0.0,0.4512987012987013,47,True,,,,,,,,
N08000837,THE MAIDENS,,0.0,0.0,0.4512987012987013,47,True,,,,,,,,
N08000838,VICTORIA,2433.0,1.0,41.10152,0.974025974025974,13,True,1.0,1.0,0.0,0.0,0.0,1.0,2025-10,2025-10
N08000839,WHITEHEAD SOUTH,,0.0,0.0,0.4512987012987013,47,True,,,,,,,,
N08000840,WOODBURN,2349.0,0.0,0.0,0.4512987012987013,47,True,,,,,,,,
N08000901,ARDBOE,2743.0,0.0,0.0,0.4512987012987013,47,True,,,,,,,,
N08000902,AUGHER and CLOGHER,,0.0,0.0,0.4512987012987013,47,True,,,,,,,,
N08000903,AUGHNACLOY,2988.0,0.0,0.0,0.4512987012987013,47,True,,,,,,,,
N08000904,BALLYGAWLEY,2757.0,1.0,36.27131,0.9588744588744589,20,True,1.0,1.0,0.0,0.0,0.0,1.0,2025-10,2025-10
N08000905,BALLYMAGUIGAN,3128.0,0.0,0.0,0.4512987012987013,47,True,,,,,,,,
N08000906,BALLYSAGGART,3093.0,0.0,0.0,0.4512987012987013,47,True,,,,,,,,
N08000907,BELLAGHY,2810.0,0.0,0.0,0.4512987012987013,47,True,,,,,,,,
N08000908,CALEDON,2794.0,0.0,0.0,0.4512987012987013,47,True,,,,,,,,
N08000909,CASTLECAULFIELD,2980.0,0.0,0.0,0.4512987012987013,47,True,,,,,,,,
N08000910,CASTLEDAWSON,3522.0,0.0,0.0,0.4512987012987013,47,True,,,,,,,,
N08000911,COAGH,2064.0,0.0,0.0,0.4512987012987013,47,True,,,,,,,,
N08000913,COALISLAND SOUTH,2776.0,0.0,0.0,0.4512987012987013,47,True,,,,,,,,
N08000914,COOKSTOWN EAST,,0.0,0.0,0.4512987012987013,47,True,,,,,,,,
N08000915,COOKSTOWN SOUTH,,0.0,0.0,0.4512987012987013,47,True,,,,,,,,
N08000916,COOKSTOWN WEST,,0.0,0.0,0.4512987012987013,47,True,,,,,,,,
N08000917,COOLSHINNY,,0.0,0.0,0.4512987012987013,47,True,,,,,,,,
N08000918,DONAGHMORE,2676.0,0.0,0.0,0.4512987012987013,47,True,,,,,,,,
N08000919,DRAPERSTOWN,3213.0,0.0,0.0,0.4512987012987013,47,True,,,,,,,,
N08000920,FIVEMILETOWN,2303.0,0.0,0.0,0.4512987012987013,47,True,,,,,,,,
N08000921,GLEBE,1889.0,0.0,0.0,0.4512987012987013,47,True,,,,,,,,
N08000922,KILLYMAN,3093.0,0.0,0.0,0.4512987012987013,47,True,,,,,,,,
N08000923,KILLYMEAL,3223.0,0.0,0.0,0.4512987012987013,47,True,,,,,,,,
N08000924,LISSAN,2160.0,0.0,0.0,0.4512987012987013,47,True,,,,,,,,
N08000925,LOUGHRY,,1.0,0.0,0.4512987012987013,47,True,1.0,1.0,0.0,0.0,0.0,1.0,2025-10,2025-10
N08000926,LOWER GLENSHANE,3061.0,0.0,0.0,0.4512987012987013,47,True,,,,,,,,
N08000927,MAGHERA,2861.0,0.0,0.0,0.4512987012987013,47,True,,,,,,,,
N08000928,MOY,3324.0,0.0,0.0,0.4512987012987013,47,True,,,,,,,,
N08000929,MOYGASHEL,2176.0,0.0,0.0,0.4512987012987013,47,True,,,,,,,,
N08000930,MULLAGHMORE,2609.0,0.0,0.0,0.4512987012987013,47,True,,,,,,,,
N08000931,OAKLANDS,2335.0,0.0,0.0,0.4512987012987013,47,True,,,,,,,,
N08000932,POMEROY,2335.0,0.0,0.0,0.4512987012987013,47,True,,,,,,,,
N08000933,STEWARTSTOWN,2009.0,0.0,0.0,0.4512987012987013,47,True,,,,,,,,
N08000934,SWATRAGH,3614.0,0.0,0.0,0.4512987012987013,47,True,,,,,,,,
N08000935,TAMLAGHT O'CRILLY,,0.0,0.0,0.4512987012987013,47,True,,,,,,,,
N08000936,THE LOUP,,0.0,0.0,0.4512987012987013,47,True,,,,,,,,
N08000937,TOBERMORE,2720.0,0.0,0.0,0.4512987012987013,47,True,,,,,,,,
N08000938,TOWN PARKS EAST,2940.0,0.0,0.0,0.4512987012987013,47,True,,,,,,,,
N08000939,VALLEY,2738.0,0.0,0.0,0.4512987012987013,47,True,,,,,,,,
N08000940,WASHING BAY,3328.0,0.0,0.0,0.4512987012987013,47,True,,,,,,,,
N08001001,ABBEY,2922.0,0.0,0.0,0.4512987012987013,47,True,,,,,,,,
N08001002,ANNALONG,3412.0,0.0,0.0,0.4512987012987013,47,True,,,,,,,,
N08001003,BALLYBOT,2308.0,1.0,43.327557,0.9805194805194806,10,True,1.0,1.0,0.0,0.0,0.0,1.0,2025-10,2025-10
N08001004,BALLYDUGAN,,0.0,0.0,0.4512987012987013,47,True,,,,,,,,
N08001005,BALLYNAHINCH,,0.0,0.0,0.4512987012987013,47,True,,,,,,,,
N08001006,BALLYWARD,3035.0,0.0,0.0,0.4512987012987013,47,True,,,,,,,,
N08001008,BINNIAN,3405.0,0.0,0.0,0.4512987012987013,47,True,,,,,,,,
N08001009,BURREN,,0.0,0.0,0.4512987012987013,47,True,,,,,,,,
N08001010,CAMLOUGH,3816.0,0.0,0.0,0.4512987012987013,47,True,,,,,,,,
N08001011,CASTLEWELLAN,3633.0,0.0,0.0,0.4512987012987013,47,True,,,,,,,,
N08001012,CATHEDRAL,3222.0,0.0,0.0,0.4512987012987013,47,True,,,,,,,,
N08001013,CROSSGAR and KILLYLEAGH,,0.0,0.0,0.4512987012987013,47,True,,,,,,,,
N08001014,CROSSMAGLEN,2950.0,0.0,0.0,0.4512987012987013,47,True,,,,,,,,
N08001015,DAMOLLY,,0.0,0.0,0.4512987012987013,47,True,,,,,,,,
N08001016,DERRYBOY,3215.0,0.0,0.0,0.4512987012987013,47,True,,,,,,,,
N08001017,DERRYLECKAGH,4779.0,0.0,0.0,0.4512987012987013,47,True,,,,,,,,
N08001018,DONARD,3044.0,2.0,65.703026,0.9913419913419913,5,True,2.0,2.0,0.0,0.0,0.0,1.0,2025-10,2025-10
N08001019,DRUMALANE,3614.0,1.0,27.670172,0.9393939393939394,29,True,1.0,1.0,0.0,0.0,0.0,1.0,2025-10,2025-10
N08001020,DRUMANESS,4128.0,0.0,0.0,0.4512987012987013,47,True,,,,,,,,
N08001021,DUNDRUM,2918.0,0.0,0.0,0.4512987012987013,47,True,,,,,,,,
N08001022,FATHOM,3393.0,3.0,88.41733,1.0,1,True,3.0,3.0,0.0,0.0,0.0,1.0,2025-10,2025-10
N08001023,FORKHILL,4823.0,0.0,0.0,0.4512987012987013,47,True,,,,,,,,
N08001024,HILLTOWN,,0.0,0.0,0.4512987012987013,47,True,,,,,,,,
N08001025,KILKEEL,,1.0,0.0,0.4512987012987013,47,True,1.0,1.0,0.0,0.0,0.0,1.0,2025-10,2025-10
N08001026,KILMORE,3310.0,0.0,0.0,0.4512987012987013,47,True,,,,,,,,
N08001028,LECALE,,0.0,0.0,0.4512987012987013,47,True,,,,,,,,
N08001029,LISNACREE,3248.0,0.0,0.0,0.4512987012987013,47,True,,,,,,,,
N08001030,MAYOBRIDGE,4587.0,1.0,21.800741,0.922077922077922,37,True,1.0,1.0,0.0,0.0,0.0,1.0,2025-10,2025-10
N08001031,MULLAGHBANE,,0.0,0.0,0.4512987012987013,47,True,,,,,,,,
N08001032,MURLOUGH,2540.0,0.0,0.0,0.4512987012987013,47,True,,,,,,,,
N08001033,NEWTOWNHAMILTON,3376.0,0.0,0.0,0.4512987012987013,47,True,,,,,,,,
N08001034,QUOILE,3046.0,0.0,0.0,0.4512987012987013,47,True,,,,,,,,
N08001035,ROSTREVOR,2847.0,0.0,0.0,0.4512987012987013,47,True,,,,,,,,
N08001036,SAINTFIELD,3555.0,0.0,0.0,0.4512987012987013,47,True,,,,,,,,
N08001037,ST. PATRICK'S,3477.0,0.0,0.0,0.4512987012987013,47,True,,,,,,,,
N08001038,STRANGFORD,2933.0,1.0,34.094784,0.9523809523809523,23,True,1.0,1.0,0.0,0.0,0.0,1.0,2025-10,2025-10
N08001039,TOLLYMORE,3808.0,0.0,0.0,0.4512987012987013,47,True,,,,,,,,
N08001040,WARRENPOINT,,1.0,0.0,0.4512987012987013,47,True,1.0,1.0,0.0,0.0,0.0,1.0,2025-10,2025-10
N08001041,WHITECROSS,,0.0,0.0,0.4512987012987013,47,True,,,,,,,,
N08001101,BALLYCROCHAN,5068.0,0.0,0.0,0.4512987012987013,47,True,,,,,,,,
N08001102,BALLYGOWAN,3795.0,0.0,0.0,0.4512987012987013,47,True,,,,,,,,
N08001103,BALLYGRAINEY,,0.0,0.0,0.4512987012987013,47,True,,,,,,,,
N08001104,BALLYHOLME,2716.0,0.0,0.0,0.4512987012987013,47,True,,,,,,,,
N08001105,BALLYMAGEE,3557.0,0.0,0.0,0.4512987012987013,47,True,,,,,,,,
N08001106,BALLYWALTER,4417.0,0.0,0.0,0.4512987012987013,47,True,,,,,,,,
N08001107,BLOOMFIELD,5373.0,1.0,18.611576,0.9112554112554112,42,True,1.0,1.0,0.0,0.0,0.0,1.0,2025-10,2025-10
N08001108,BROADWAY,2712.0,0.0,0.0,0.4512987012987013,47,True,,,,,,,,
N08001109,BRYANSBURN,2550.0,0.0,0.0,0.4512987012987013,47,True,,,,,,,,
N08001110,CARROWDORE,3469.0,1.0,28.826752,0.9437229437229437,27,True,1.0,1.0,0.0,0.0,0.0,1.0,2025-10,2025-10
N08001111,CASTLE,,0.0,0.0,0.4512987012987013,47,True,,,,,,,,
N08001112,CLANDEBOYE,5169.0,1.0,19.346102,0.9134199134199135,41,True,1.0,1.0,0.0,0.0,0.0,1.0,2025-10,2025-10
N08001113,COMBER NORTH,2618.0,0.0,0.0,0.4512987012987013,47,True,,,,,,,,
N08001114,COMBER SOUTH,,0.0,0.0,0.4512987012987013,47,True,,,,,,,,
N08001115,COMBER WEST,3086.0,0.0,0.0,0.4512987012987013,47,True,,,,,,,,
N08001116,CONWAY SQUARE,,4.0,0.0,0.4512987012987013,47,True,4.0,4.0,0.0,0.0,0.0,1.0,2025-10,2025-10
N08001117,CRONSTOWN,,0.0,0.0,0.4512987012987013,47,True,,,,,,,,
N08001118,CULTRA,2557.0,0.0,0.0,0.4512987012987013,47,True,,,,,,,,
N08001119,DONAGHADEE,,0.0,0.0,0.4512987012987013,47,True,,,,,,,,
N08001120,GLEN,3117.0,0.0,0.0,0.4512987012987013,47,True,,,,,,,,
N08001121,GREGSTOWN,4148.0,0.0,0.0,0.4512987012987013,47,True,,,,,,,,
N08001122,GROOMSPORT,3071.0,1.0,32.562683,0.9458874458874459,26,True,1.0,1.0,0.0,0.0,0.0,1.0,2025-10,2025-10
N08001123,HARBOUR,1859.0,0.0,0.0,0.4512987012987013,47,True,,,,,,,,
N08001124,HELEN'S BAY,,0.0,0.0,0.4512987012987013,47,True,,,,,,,,
N08001125,HOLYWOOD,,0.0,0.0,0.4512987012987013,47,True,,,,,,,,
N08001126,KILCOOLEY,,0.0,0.0,0.4512987012987013,47,True,,,,,,,,
N08001127,KILLINCHY,3177.0,0.0,0.0,0.4512987012987013,47,True,,,,,,,,
N08001128,KIRCUBBIN,3526.0,1.0,28.360748,0.9415584415584416,28,True,1.0,1.0,0.0,0.0,0.0,1.0,2025-10,2025-10
N08001129,LOUGHRIES,3673.0,0.0,0.0,0.4512987012987013,47,True,,,,,,,,
N08001130,LOUGHVIEW,3060.0,0.0,0.0,0.4512987012987013,47,True,,,,,,,,
N08001131,MOVILLA,5169.0,0.0,0.0,0.4512987012987013,47,True,,,,,,,,
N08001132,PORTAFERRY,3289.0,0.0,0.0,0.4512987012987013,47,True,,,,,,,,
N08001133,PORTAVOGIE,4915.0,0.0,0.0,0.4512987012987013,47,True,,,,,,,,
N08001134,RATHGAEL,2158.0,0.0,0.0,0.4512987012987013,47,True,,,,,,,,
N08001135,RATHMORE,,0.0,0.0,0.4512987012987013,47,True,,,,,,,,
N08001136,SCRABO,3156.0,0.0,0.0,0.4512987012987013,47,True,,,,,,,,
N08001137,SILVERBIRCH,,0.0,0.0,0.4512987012987013,47,True,,,,,,,,
N08001138,SILVERSTREAM,3251.0,0.0,0.0,0.4512987012987013,47,True,,,,,,,,
N08001139,WARREN,,0.0,0.0,0.4512987012987013,47,True,,,,,,,,
N08001140,WEST WINDS,,0.0,0.0,0.4512987012987013,47,True,,,,,,,,
N08000703,BALLYMACASH,4585.0,0.0,0.0,0.4512987012987013,47,True,,,,,,,,
N08000740,WHITE MOUNTAIN,,0.0,0.0,0.4512987012987013,47,True,,,,,,,,
N08000716,ENLER,2550.0,0.0,0.0,0.4512987012987013,47,True,,,,,,,,
N08000702,BALLYHANWOOD,3278.0,0.0,0.0,0.4512987012987013,47,True,,,,,,,,
N08000724,KNOCKBRACKEN,3415.0,0.0,0.0,0.4512987012987013,47,True,,,,,,,,
N08000734,MONEYREAGH,3986.0,0.0,0.0,0.4512987012987013,47,True,,,,,,,,
N08001027,KNOCKNASHINNA,,1.0,0.0,0.4512987012987013,47,True,1.0,1.0,0.0,0.0,0.0,1.0,2025-10,2025-10
N08000535,SKEOGE,,0.0,0.0,0.4512987012987013,47,True,,,,,,,,
N08000537,SPRINGTOWN,2977.0,1.0,33.590862,0.948051948051948,25,True,1.0,1.0,0.0,0.0,0.0,1.0,2025-10,2025-10
N08000532,SHANTALLOW EAST,2459.0,0.0,0.0,0.4512987012987013,47,True,,,,,,,,
N08000513,CULMORE,9054.0,0.0,0.0,0.4512987012987013,47,True,,,,,,,,
N08000539,STRABANE WEST,,1.0,0.0,0.4512987012987013,47,True,1.0,1.0,0.0,0.0,0.0,1.0,2025-10,2025-10
N08000802,AHOGHILL,4093.0,0.0,0.0,0.4512987012987013,47,True,,,,,,,,
N08000123,HIGHTOWN,2281.0,2.0,87.68084,0.9978354978354979,2,True,2.0,2.0,0.0,0.0,0.0,1.0,2025-10,2025-10
N08000113,CLADY,3373.0,0.0,0.0,0.4512987012987013,47,True,,,,,,,,
N08000314,CAVEHILL,4829.0,0.0,0.0,0.4512987012987013,47,True,,,,,,,,
N08000343,POLEGLASS,3723.0,1.0,26.86006,0.935064935064935,31,True,1.0,1.0,0.0,0.0,0.0,1.0,2025-10,2025-10
N08000639,TERMON,2540.0,0.0,0.0,0.4512987012987013,47,True,,,,,,,,
N08000622,GORTIN,3075.0,0.0,0.0,0.4512987012987013,47,True,,,,,,,,
N08000619,FAIRY WATER,2201.0,0.0,0.0,0.4512987012987013,47,True,,,,,,,,
N08000603,BELLEEK and BOA,2654.0,0.0,0.0,0.4512987012987013,47,True,,,,,,,,
N08000616,DRUMQUIN,2309.0,0.0,0.0,0.4512987012987013,47,True,,,,,,,,
N08000912,COALISLAND NORTH,3723.0,0.0,0.0,0.4512987012987013,47,True,,,,,,,,
N08000636,SIXMILECROSS,2372.0,0.0,0.0,0.4512987012987013,47,True,,,,,,,,
N08000631,NEWTOWNSAVILLE,2601.0,0.0,0.0,0.4512987012987013,47,True,,,,,,,,
N08000620,FINTONA,2033.0,0.0,0.0,0.4512987012987013,47,True,,,,,,,,
N08000638,TEMPO,2913.0,0.0,0.0,0.4512987012987013,47,True,,,,,,,,
N08000606,BROOKEBOROUGH,2645.0,1.0,37.807182,0.9653679653679653,17,True,1.0,1.0,0.0,0.0,0.0,1.0,2025-10,2025-10
N08000628,LISNASKEA,2612.0,1.0,38.28484,0.9675324675324676,16,True,1.0,1.0,0.0,0.0,0.0,1.0,2025-10,2025-10
N08000626,LISBELLAW,3090.0,0.0,0.0,0.4512987012987013,47,True,,,,,,,,
N08000613,DONAGH,2447.0,0.0,0.0,0.4512987012987013,47,True,,,,,,,,
N08001007,BESSBROOK,2865.0,0.0,0.0,0.4512987012987013,47,True,,,,,,,,
N08000329,GARNERVILLE,,0.0,0.0,0.4512987012987013,47,True,,,,,,,,
N08000351,STORMONT,5630.0,0.0,0.0,0.4512987012987013,47,True,,,,,,,,
N08000347,SHANDON,,0.0,0.0,0.4512987012987013,47,True,,,,,,,,
N08000330,GILNAHIRK,2458.0,0.0,0.0,0.4512987012987013,47,True,,,,,,,,
N08000222,KILLYCOMAIN,2702.0,0.0,0.0,0.4512987012987013,47,True,,,,,,,,
N08000604,BERAGH,2704.0,0.0,0.0,0.4512987012987013,47,True,,,,,,,,
N08000632,OWENKILLEW,2492.0,0.0,0.0,0.4512987012987013,47,True,,,,,,,,
N08000615,DRUMNAKILLY,3049.0,0.0,0.0,0.4512987012987013,47,True,,,,,,,,
N08000617,EDERNEY and KESH,,0.0,0.0,0.4512987012987013,47,True,,,,,,,,
N08000614,DROMORE,2343.0,0.0,0.0,0.4512987012987013,47,True,,,,,,,,
N08000350,STEWARTSTOWN,2009.0,0.0,0.0,0.4512987012987013,47,True,,,,,,,,
N08000610,DERGMONEY,1612.0,0.0,0.0,0.4512987012987013,47,True,,,,,,,,
N08000607,CAMOWEN,2340.0,0.0,0.0,0.4512987012987013,47,True,,,,,,,,
N08000640,TRILLICK,2509.0,0.0,0.0,0.4512987012987013,47,True,,,,,,,,
N08000601,BALLINAMALLARD,2593.0,0.0,0.0,0.4512987012987013,47,True,,,,,,,,
N08000630,NEWTOWNBUTLER,2566.0,0.0,0.0,0.4512987012987013,47,True,,,,,,,,
N08000624,IRVINESTOWN,2571.0,0.0,0.0,0.4512987012987013,47,True,,,,,,,,
N08000627,LISNARRICK,2095.0,0.0,0.0,0.4512987012987013,47,True,,,,,,,,
N08000608,CASTLECOOLE,3917.0,0.0,0.0,0.4512987012987013,47,True,,,,,,,,
N08000633,PORTORA,3201.0,0.0,0.0,0.4512987012987013,47,True,,,,,,,,
N08000618,ERNE,2476.0,0.0,0.0,0.4512987012987013,47,True,,,,,,,,
N08000331,HILLFOOT,2506.0,1.0,39.90423,0.9696969696969697,15,True,1.0,1.0,0.0,0.0,0.0,1.0,2025-10,2025-10
N08000437,TORR HEAD and RATHLIN,,0.0,0.0,0.4512987012987013,47,True,,,,,,,,
